java_path,rust_path,kind,java_type,rust_type,scenario_count,implementation_status,test_status,wire_fixture
codegen/api/src/main/java/org/fuin/ddd4j/codegen/api/AggregateRootUuidVO.java,crates/codegen/api/src/aggregate_root_uuid_vo.rs,production,AggregateRootUuidVO,AggregateRootUuidVo,0,implemented,not_applicable,
codegen/api/src/main/java/org/fuin/ddd4j/codegen/api/EventVO.java,crates/codegen/api/src/event_vo.rs,production,EventVO,EventVo,0,implemented,not_applicable,
codegen/api/src/main/java/org/fuin/ddd4j/codegen/api/IntegerEntityIdVO.java,crates/codegen/api/src/integer_entity_id_vo.rs,production,IntegerEntityIdVO,IntegerEntityIdVo,0,implemented,not_applicable,
codegen/api/src/main/java/org/fuin/ddd4j/codegen/api/SimpleValueObject.java,crates/codegen/api/src/simple_value_object.rs,production,SimpleValueObject,SimpleValueObject,0,implemented,not_applicable,
codegen/api/src/main/java/org/fuin/ddd4j/codegen/api/StringVO.java,crates/codegen/api/src/string_vo.rs,production,StringVO,StringVo,0,implemented,not_applicable,
codegen/api/src/main/java/org/fuin/ddd4j/codegen/api/package-info.java,crates/codegen/api/src/package_info.rs,production,,,0,implemented,not_applicable,
codegen/api/src/test/java/org/fuin/ddd4j/codegen/api/ArchitectureTest.java,crates/codegen/api/tests/java_parity/architecture_test.rs,test,ArchitectureTest,,0,implemented,tested,
codegen/example/src-gen/main/java/org/fuin/ddd4j/codegen/example/TheRootCreatedEvent.java,crates/codegen/example/generated/the_root_created_event.rs,generated,TheRootCreatedEvent|Builder,TheRootCreatedEvent,0,implemented,not_applicable,
codegen/example/src-gen/main/java/org/fuin/ddd4j/codegen/example/TheRootId.java,crates/codegen/example/generated/the_root_id.rs,generated,TheRootId|TheRootIdStr|Validator|Converter,TheRootId,0,implemented,not_applicable,
codegen/example/src-gen/main/java/org/fuin/ddd4j/codegen/example/TheRootName.java,crates/codegen/example/generated/the_root_name.rs,generated,TheRootName|TheRootNameStr|Validator|Converter,TheRootName,0,implemented,not_applicable,
codegen/example/src/main/java/org/fuin/ddd4j/codegen/example/TheRootCreatedEvent_GEN.java,crates/codegen/example/src/the_root_created_event_gen.rs,production,TheRootCreatedEvent_GEN,TheRootCreatedEventGen,0,implemented,not_applicable,
codegen/example/src/main/java/org/fuin/ddd4j/codegen/example/TheRootId_GEN.java,crates/codegen/example/src/the_root_id_gen.rs,production,TheRootId_GEN,TheRootIdGen,0,implemented,not_applicable,
codegen/example/src/main/java/org/fuin/ddd4j/codegen/example/TheRootName_GEN.java,crates/codegen/example/src/the_root_name_gen.rs,production,TheRootName_GEN,TheRootNameGen,0,implemented,not_applicable,
codegen/processor/src/main/java/org/fuin/ddd4j/codegen/processor/AggregateRootUuidVOTemplate.java,crates/codegen/processor/src/aggregate_root_uuid_vo_template.rs,production,AggregateRootUuidVOTemplate,AggregateRootUuidVoTemplate,0,implemented,not_applicable,
codegen/processor/src/main/java/org/fuin/ddd4j/codegen/processor/Ddd4jCodeGenUtils.java,crates/codegen/processor/src/ddd4j_code_gen_utils.rs,production,Ddd4jCodeGenUtils,Ddd4jCodeGenUtils,0,implemented,not_applicable,
codegen/processor/src/main/java/org/fuin/ddd4j/codegen/processor/EventVOTemplate.java,crates/codegen/processor/src/event_vo_template.rs,production,EventVOTemplate|Clasz|Field,EventVoTemplate|Field|Clasz,0,implemented,not_applicable,
codegen/processor/src/main/java/org/fuin/ddd4j/codegen/processor/IntegerEntityIdVOTemplate.java,crates/codegen/processor/src/integer_entity_id_vo_template.rs,production,IntegerEntityIdVOTemplate,IntegerEntityIdVoTemplate,0,implemented,not_applicable,
codegen/processor/src/main/java/org/fuin/ddd4j/codegen/processor/StringVOTemplate.java,crates/codegen/processor/src/string_vo_template.rs,production,StringVOTemplate,StringVoTemplate,0,implemented,not_applicable,
codegen/processor/src/main/java/org/fuin/ddd4j/codegen/processor/ValueObjectProcessor.java,crates/codegen/processor/src/value_object_processor.rs,production,ValueObjectProcessor|AnnotationTemplate|TargetType,TargetType|AnnotationTemplate|ValueObjectProcessor,0,implemented,not_applicable,
codegen/processor/src/main/java/org/fuin/ddd4j/codegen/processor/ValueObjectTemplate.java,crates/codegen/processor/src/value_object_template.rs,production,ValueObjectTemplate,ValueObjectTemplate,0,implemented,not_applicable,
codegen/processor/src/main/resources/AggregateRootUuidVO.java,crates/codegen/processor/templates/aggregate_root_uuid_vo.rs,template,$|Validator|Converter,GeneratedAggregateRootUuidVo,0,implemented,not_applicable,
codegen/processor/src/main/resources/EventVO.java,crates/codegen/processor/templates/event_vo.rs,template,$|Builder,GeneratedEventVo,0,implemented,not_applicable,
codegen/processor/src/main/resources/IntegerEntityIdVO.java,crates/codegen/processor/templates/integer_entity_id_vo.rs,template,$|Validator|Converter,GeneratedIntegerEntityIdVo,0,implemented,not_applicable,
codegen/processor/src/main/resources/StringVO.java,crates/codegen/processor/templates/string_vo.rs,template,$|Validator|Converter,GeneratedStringVo,0,implemented,not_applicable,
codegen/processor/src/test/java/org/fuin/ddd4j/codegen/processor/AggregateRootUuidVOTemplateTest.java,crates/codegen/processor/tests/java_parity/aggregate_root_uuid_vo_template_test.rs,test,AggregateRootUuidVOTemplateTest|CompanyIdExample,,6,implemented,tested,
codegen/processor/src/test/java/org/fuin/ddd4j/codegen/processor/EventVOTemplateTest.java,crates/codegen/processor/tests/java_parity/event_vo_template_test.rs,test,EventVOTemplateTest|MyEventExample,,3,implemented,tested,
codegen/processor/src/test/java/org/fuin/ddd4j/codegen/processor/ExpectedFileMatcher.java,crates/codegen/processor/tests/java_parity/expected_file_matcher.rs,test,ExpectedFileMatcher,ExpectedFileMatcher,0,implemented,tested,
codegen/processor/src/test/java/org/fuin/ddd4j/codegen/processor/IntegerEntityIdVOTemplateTest.java,crates/codegen/processor/tests/java_parity/integer_entity_id_vo_template_test.rs,test,IntegerEntityIdVOTemplateTest|RampIdExample,,6,implemented,tested,
codegen/processor/src/test/java/org/fuin/ddd4j/codegen/processor/MyId.java,crates/codegen/processor/tests/java_parity/my_id.rs,test,MyId,MyId,0,implemented,tested,
codegen/processor/src/test/java/org/fuin/ddd4j/codegen/processor/StringVOTemplateTest.java,crates/codegen/processor/tests/java_parity/string_vo_template_test.rs,test,StringVOTemplateTest|CompanyKeyExample,,1,implemented,tested,
codegen/processor/src/test/java/org/fuin/ddd4j/codegen/processor/TestUtils.java,crates/codegen/processor/tests/java_parity/test_utils.rs,test,TestUtils,TestUtils,0,implemented,tested,
codegen/processor/src/test/resources/expected/CompanyId/AllConverters.java,crates/codegen/processor/tests/golden/company_id/all_converters.rs,golden,CompanyId|CompanyIdStr|Validator|Converter,CompanyId,0,implemented,tested,codegen/processor/src/test/resources/expected/CompanyId/AllConverters.java
codegen/processor/src/test/resources/expected/CompanyId/JaxbOnly.java,crates/codegen/processor/tests/golden/company_id/jaxb_only.rs,golden,CompanyId|CompanyIdStr|Validator|Converter,CompanyId,0,implemented,tested,codegen/processor/src/test/resources/expected/CompanyId/JaxbOnly.java
codegen/processor/src/test/resources/expected/CompanyId/JpaOnly.java,crates/codegen/processor/tests/golden/company_id/jpa_only.rs,golden,CompanyId|CompanyIdStr|Validator|Converter,CompanyId,0,implemented,tested,codegen/processor/src/test/resources/expected/CompanyId/JpaOnly.java
codegen/processor/src/test/resources/expected/CompanyId/JsonbOnly.java,crates/codegen/processor/tests/golden/company_id/jsonb_only.rs,golden,CompanyId|CompanyIdStr|Validator|Converter,CompanyId,0,implemented,tested,codegen/processor/src/test/resources/expected/CompanyId/JsonbOnly.java
codegen/processor/src/test/resources/expected/CompanyId/NoConverters.java,crates/codegen/processor/tests/golden/company_id/no_converters.rs,golden,CompanyId|CompanyIdStr|Validator,CompanyId,0,implemented,tested,codegen/processor/src/test/resources/expected/CompanyId/NoConverters.java
codegen/processor/src/test/resources/expected/CompanyId/OpenApiOnly.java,crates/codegen/processor/tests/golden/company_id/open_api_only.rs,golden,CompanyId|CompanyIdStr|Validator,CompanyId,0,implemented,tested,codegen/processor/src/test/resources/expected/CompanyId/OpenApiOnly.java
codegen/processor/src/test/resources/expected/CompanyKey/AllConverters.java,crates/codegen/processor/tests/golden/company_key/all_converters.rs,golden,CompanyKey|CompanyKeyStr|Validator|Converter,CompanyKey,0,implemented,tested,codegen/processor/src/test/resources/expected/CompanyKey/AllConverters.java
codegen/processor/src/test/resources/expected/MyEvent/Jackson.java,crates/codegen/processor/tests/golden/my_event/jackson.rs,golden,MyEvent|Builder,MyEvent,0,implemented,tested,codegen/processor/src/test/resources/expected/MyEvent/Jackson.java
codegen/processor/src/test/resources/expected/MyEvent/Jaxb.java,crates/codegen/processor/tests/golden/my_event/jaxb.rs,golden,MyEvent|Builder,MyEvent,0,implemented,tested,codegen/processor/src/test/resources/expected/MyEvent/Jaxb.java
codegen/processor/src/test/resources/expected/MyEvent/Jsonb.java,crates/codegen/processor/tests/golden/my_event/jsonb.rs,golden,MyEvent|Builder,MyEvent,0,implemented,tested,codegen/processor/src/test/resources/expected/MyEvent/Jsonb.java
codegen/processor/src/test/resources/expected/RampId/AllConverters.java,crates/codegen/processor/tests/golden/ramp_id/all_converters.rs,golden,RampId|RampIdStr|Validator|Converter,RampId,0,implemented,tested,codegen/processor/src/test/resources/expected/RampId/AllConverters.java
codegen/processor/src/test/resources/expected/RampId/JaxbOnly.java,crates/codegen/processor/tests/golden/ramp_id/jaxb_only.rs,golden,RampId|RampIdStr|Validator|Converter,RampId,0,implemented,tested,codegen/processor/src/test/resources/expected/RampId/JaxbOnly.java
codegen/processor/src/test/resources/expected/RampId/JpaOnly.java,crates/codegen/processor/tests/golden/ramp_id/jpa_only.rs,golden,RampId|RampIdStr|Validator|Converter,RampId,0,implemented,tested,codegen/processor/src/test/resources/expected/RampId/JpaOnly.java
codegen/processor/src/test/resources/expected/RampId/JsonbOnly.java,crates/codegen/processor/tests/golden/ramp_id/jsonb_only.rs,golden,RampId|RampIdStr|Validator|Converter,RampId,0,implemented,tested,codegen/processor/src/test/resources/expected/RampId/JsonbOnly.java
codegen/processor/src/test/resources/expected/RampId/NoConverters.java,crates/codegen/processor/tests/golden/ramp_id/no_converters.rs,golden,RampId|RampIdStr|Validator,RampId,0,implemented,tested,codegen/processor/src/test/resources/expected/RampId/NoConverters.java
codegen/processor/src/test/resources/expected/RampId/OpenApiOnly.java,crates/codegen/processor/tests/golden/ramp_id/open_api_only.rs,golden,RampId|RampIdStr|Validator,RampId,0,implemented,tested,codegen/processor/src/test/resources/expected/RampId/OpenApiOnly.java
core/src/main/java/org/fuin/ddd4j/core/AbstractAggregateException.java,crates/core/src/abstract_aggregate_exception.rs,production,AbstractAggregateException,AbstractAggregateException,0,implemented,not_applicable,
core/src/main/java/org/fuin/ddd4j/core/AbstractAggregateRoot.java,crates/core/src/abstract_aggregate_root.rs,production,AbstractAggregateRoot,ApplyEventHandler|AbstractAggregateRoot,0,implemented,not_applicable,
core/src/main/java/org/fuin/ddd4j/core/AbstractEntity.java,crates/core/src/abstract_entity.rs,production,AbstractEntity,AbstractEntity,0,implemented,not_applicable,
core/src/main/java/org/fuin/ddd4j/core/AbstractVersionedAggregateException.java,crates/core/src/abstract_versioned_aggregate_exception.rs,production,AbstractVersionedAggregateException,AbstractVersionedAggregateException,0,implemented,not_applicable,
core/src/main/java/org/fuin/ddd4j/core/AggregateAlreadyExistsException.java,crates/core/src/aggregate_already_exists_exception.rs,production,AggregateAlreadyExistsException,AggregateAlreadyExistsException,0,implemented,not_applicable,
core/src/main/java/org/fuin/ddd4j/core/AggregateCache.java,crates/core/src/aggregate_cache.rs,production,AggregateCache,AggregateCache,0,implemented,not_applicable,
core/src/main/java/org/fuin/ddd4j/core/AggregateDeletedException.java,crates/core/src/aggregate_deleted_exception.rs,production,AggregateDeletedException,AggregateDeletedException,0,implemented,not_applicable,
core/src/main/java/org/fuin/ddd4j/core/AggregateNoCache.java,crates/core/src/aggregate_no_cache.rs,production,AggregateNoCache,AggregateNoCache,0,implemented,not_applicable,
core/src/main/java/org/fuin/ddd4j/core/AggregateNotFoundException.java,crates/core/src/aggregate_not_found_exception.rs,production,AggregateNotFoundException,AggregateNotFoundException,0,implemented,not_applicable,
core/src/main/java/org/fuin/ddd4j/core/AggregateRoot.java,crates/core/src/aggregate_root.rs,production,AggregateRoot,AggregateRoot,0,implemented,not_applicable,
core/src/main/java/org/fuin/ddd4j/core/AggregateRootId.java,crates/core/src/aggregate_root_id.rs,production,AggregateRootId,AggregateRootId,0,implemented,not_applicable,
core/src/main/java/org/fuin/ddd4j/core/AggregateRootUuid.java,crates/core/src/aggregate_root_uuid.rs,production,AggregateRootUuid,AggregateRootUuid,0,implemented,not_applicable,
core/src/main/java/org/fuin/ddd4j/core/AggregateVersion.java,crates/core/src/aggregate_version.rs,production,AggregateVersion,AggregateVersion,0,implemented,not_applicable,
core/src/main/java/org/fuin/ddd4j/core/AggregateVersionConflictException.java,crates/core/src/aggregate_version_conflict_exception.rs,production,AggregateVersionConflictException,AggregateVersionConflictException,0,implemented,not_applicable,
core/src/main/java/org/fuin/ddd4j/core/AggregateVersionNotFoundException.java,crates/core/src/aggregate_version_not_found_exception.rs,production,AggregateVersionNotFoundException,AggregateVersionNotFoundException,0,implemented,not_applicable,
core/src/main/java/org/fuin/ddd4j/core/ApplyEvent.java,crates/core/src/apply_event.rs,production,ApplyEvent,ApplyEvent,0,implemented,not_applicable,
core/src/main/java/org/fuin/ddd4j/core/BusinessKey.java,crates/core/src/business_key.rs,production,BusinessKey,BusinessKey,0,implemented,not_applicable,
core/src/main/java/org/fuin/ddd4j/core/ChildEntityLocator.java,crates/core/src/child_entity_locator.rs,production,ChildEntityLocator,ChildEntityLocator,0,implemented,not_applicable,
core/src/main/java/org/fuin/ddd4j/core/Ddd4JUtils.java,crates/core/src/ddd4j_utils.rs,production,Ddd4JUtils,Ddd4JUtils|Adler32,0,implemented,not_applicable,
core/src/main/java/org/fuin/ddd4j/core/DecryptionFailedException.java,crates/core/src/decryption_failed_exception.rs,production,DecryptionFailedException,DecryptionFailedException,0,implemented,not_applicable,
core/src/main/java/org/fuin/ddd4j/core/DomainEvent.java,crates/core/src/domain_event.rs,production,DomainEvent,DomainEvent,0,implemented,not_applicable,
core/src/main/java/org/fuin/ddd4j/core/DomainEventExpectedEntityIdPath.java,crates/core/src/domain_event_expected_entity_id_path.rs,production,DomainEventExpectedEntityIdPath,DomainEventExpectedEntityIdPath,0,implemented,not_applicable,
core/src/main/java/org/fuin/ddd4j/core/DomainEventExpectedEntityIdPathValidator.java,crates/core/src/domain_event_expected_entity_id_path_validator.rs,production,DomainEventExpectedEntityIdPathValidator,DomainEventExpectedEntityIdPathValidator,0,implemented,not_applicable,
core/src/main/java/org/fuin/ddd4j/core/DuplicateEncryptionKeyIdException.java,crates/core/src/duplicate_encryption_key_id_exception.rs,production,DuplicateEncryptionKeyIdException,DuplicateEncryptionKeyIdException,0,implemented,not_applicable,
core/src/main/java/org/fuin/ddd4j/core/DuplicateEntityException.java,crates/core/src/duplicate_entity_exception.rs,production,DuplicateEntityException,DuplicateEntityException,0,implemented,not_applicable,
core/src/main/java/org/fuin/ddd4j/core/EncryptedData.java,crates/core/src/encrypted_data.rs,production,EncryptedData,EncryptedData,0,implemented,not_applicable,
core/src/main/java/org/fuin/ddd4j/core/EncryptedDataService.java,crates/core/src/encrypted_data_service.rs,production,EncryptedDataService,EncryptionError|EncryptedDataService,0,implemented,not_applicable,
core/src/main/java/org/fuin/ddd4j/core/EncryptionKeyIdUnknownException.java,crates/core/src/encryption_key_id_unknown_exception.rs,production,EncryptionKeyIdUnknownException,EncryptionKeyIdUnknownException,0,implemented,not_applicable,
core/src/main/java/org/fuin/ddd4j/core/EncryptionKeyVersionUnknownException.java,crates/core/src/encryption_key_version_unknown_exception.rs,production,EncryptionKeyVersionUnknownException,EncryptionKeyVersionUnknownException,0,implemented,not_applicable,
core/src/main/java/org/fuin/ddd4j/core/Entity.java,crates/core/src/entity.rs,production,Entity,Entity,0,implemented,not_applicable,
core/src/main/java/org/fuin/ddd4j/core/EntityId.java,crates/core/src/entity_id.rs,production,EntityId,EntityId,0,implemented,not_applicable,
core/src/main/java/org/fuin/ddd4j/core/EntityIdFactory.java,crates/core/src/entity_id_factory.rs,production,EntityIdFactory,EntityIdFactory,0,implemented,not_applicable,
core/src/main/java/org/fuin/ddd4j/core/EntityIdPath.java,crates/core/src/entity_id_path.rs,production,EntityIdPath,EntityIdPathError|EntityIdPath,0,implemented,not_applicable,
core/src/main/java/org/fuin/ddd4j/core/EntityNotFoundException.java,crates/core/src/entity_not_found_exception.rs,production,EntityNotFoundException,EntityNotFoundException,0,implemented,not_applicable,
core/src/main/java/org/fuin/ddd4j/core/EntityType.java,crates/core/src/entity_type.rs,production,EntityType,EntityType,0,implemented,not_applicable,
core/src/main/java/org/fuin/ddd4j/core/Event.java,crates/core/src/event.rs,production,Event,Event,0,implemented,not_applicable,
core/src/main/java/org/fuin/ddd4j/core/EventId.java,crates/core/src/event_id.rs,production,EventId,EventId,0,implemented,not_applicable,
core/src/main/java/org/fuin/ddd4j/core/EventType.java,crates/core/src/event_type.rs,production,EventType,EventTypeError|EventType,0,implemented,not_applicable,
core/src/main/java/org/fuin/ddd4j/core/ExceptionData.java,crates/core/src/exception_data.rs,production,ExceptionData,ExceptionData,0,implemented,not_applicable,
core/src/main/java/org/fuin/ddd4j/core/ExpectedEntityIdPath.java,crates/core/src/expected_entity_id_path.rs,production,ExpectedEntityIdPath,ExpectedEntityIdPath,0,implemented,not_applicable,
core/src/main/java/org/fuin/ddd4j/core/ExpectedEntityIdPathValidator.java,crates/core/src/expected_entity_id_path_validator.rs,production,ExpectedEntityIdPathValidator,ExpectedEntityIdPathValidator,0,implemented,not_applicable,
core/src/main/java/org/fuin/ddd4j/core/HasEntityTypeConstant.java,crates/core/src/has_entity_type_constant.rs,production,HasEntityTypeConstant,HasEntityTypeConstant,0,implemented,not_applicable,
core/src/main/java/org/fuin/ddd4j/core/HasEntityTypeConstantValidator.java,crates/core/src/has_entity_type_constant_validator.rs,production,HasEntityTypeConstantValidator|Result,HasEntityTypeConstantValidator,0,implemented,not_applicable,
core/src/main/java/org/fuin/ddd4j/core/IntegerEntityId.java,crates/core/src/integer_entity_id.rs,production,IntegerEntityId,IntegerEntityId,0,implemented,not_applicable,
core/src/main/java/org/fuin/ddd4j/core/JandexEntityIdFactory.java,crates/core/src/jandex_entity_id_factory.rs,production,JandexEntityIdFactory|to,EntityIdRegistration|EntityIdRegistryError|JandexEntityIdFactory,0,implemented,not_applicable,
core/src/main/java/org/fuin/ddd4j/core/MethodExecutor.java,crates/core/src/method_executor.rs,production,MethodExecutor,MethodExecutionError|MethodExecutor,0,implemented,not_applicable,
core/src/main/java/org/fuin/ddd4j/core/Repository.java,crates/core/src/repository.rs,production,Repository,Repository,0,implemented,not_applicable,
core/src/main/java/org/fuin/ddd4j/core/StringBasedEntityType.java,crates/core/src/string_based_entity_type.rs,production,StringBasedEntityType,EntityTypeError|StringBasedEntityType,0,implemented,not_applicable,
core/src/test/java/org/fuin/ddd4j/core/AbstractAggregateRootTest.java,crates/core/tests/java_parity/core/abstract_aggregate_root_test.rs,test,AbstractAggregateRootTest,,13,implemented,tested,
core/src/test/java/org/fuin/ddd4j/core/AbstractEntityTest.java,crates/core/tests/java_parity/core/abstract_entity_test.rs,test,AbstractEntityTest,,2,implemented,tested,
core/src/test/java/org/fuin/ddd4j/core/AggregateAlreadyExistsExceptionTest.java,crates/core/tests/java_parity/core/aggregate_already_exists_exception_test.rs,test,AggregateAlreadyExistsExceptionTest,,1,implemented,tested,
core/src/test/java/org/fuin/ddd4j/core/AggregateDeletedExceptionTest.java,crates/core/tests/java_parity/core/aggregate_deleted_exception_test.rs,test,AggregateDeletedExceptionTest,,1,implemented,tested,
core/src/test/java/org/fuin/ddd4j/core/AggregateNotFoundExceptionTest.java,crates/core/tests/java_parity/core/aggregate_not_found_exception_test.rs,test,AggregateNotFoundExceptionTest,,1,implemented,tested,
core/src/test/java/org/fuin/ddd4j/core/AggregateRootUuidTest.java,crates/core/tests/java_parity/core/aggregate_root_uuid_test.rs,test,AggregateRootUuidTest,,3,implemented,tested,
core/src/test/java/org/fuin/ddd4j/core/AggregateVersionConflictExceptionTest.java,crates/core/tests/java_parity/core/aggregate_version_conflict_exception_test.rs,test,AggregateVersionConflictExceptionTest,,1,implemented,tested,
core/src/test/java/org/fuin/ddd4j/core/AggregateVersionNotFoundExceptionTest.java,crates/core/tests/java_parity/core/aggregate_version_not_found_exception_test.rs,test,AggregateVersionNotFoundExceptionTest,,1,implemented,tested,
core/src/test/java/org/fuin/ddd4j/core/AggregateVersionTest.java,crates/core/tests/java_parity/core/aggregate_version_test.rs,test,AggregateVersionTest,,6,implemented,tested,
core/src/test/java/org/fuin/ddd4j/core/ArchitectureTest.java,crates/core/tests/java_parity/core/architecture_test.rs,test,ArchitectureTest,,2,implemented,tested,
core/src/test/java/org/fuin/ddd4j/core/BaseTest.java,crates/core/tests/java_parity/core/base_test.rs,test,BaseTest,TestEntityId|TestEntityIdFactory,0,implemented,tested,
core/src/test/java/org/fuin/ddd4j/core/Ddd4JUtilsTest.java,crates/core/tests/java_parity/core/ddd4j_utils_test.rs,test,Ddd4JUtilsTest,,1,implemented,tested,
core/src/test/java/org/fuin/ddd4j/core/DecryptionFailedExceptionTest.java,crates/core/tests/java_parity/core/decryption_failed_exception_test.rs,test,DecryptionFailedExceptionTest,,1,implemented,tested,
core/src/test/java/org/fuin/ddd4j/core/DomainEventExpectedEntityIdPathValidatorTest.java,crates/core/tests/java_parity/core/domain_event_expected_entity_id_path_validator_test.rs,test,DomainEventExpectedEntityIdPathValidatorTest,,2,implemented,tested,
core/src/test/java/org/fuin/ddd4j/core/DuplicateEncryptionKeyIdExceptionTest.java,crates/core/tests/java_parity/core/duplicate_encryption_key_id_exception_test.rs,test,DuplicateEncryptionKeyIdExceptionTest,,1,implemented,tested,
core/src/test/java/org/fuin/ddd4j/core/DuplicateEntityExceptionTest.java,crates/core/tests/java_parity/core/duplicate_entity_exception_test.rs,test,DuplicateEntityExceptionTest,,1,implemented,tested,
core/src/test/java/org/fuin/ddd4j/core/EncryptionKeyIdUnknownExceptionTest.java,crates/core/tests/java_parity/core/encryption_key_id_unknown_exception_test.rs,test,EncryptionKeyIdUnknownExceptionTest,,1,implemented,tested,
core/src/test/java/org/fuin/ddd4j/core/EncryptionKeyVersionUnknownExceptionTest.java,crates/core/tests/java_parity/core/encryption_key_version_unknown_exception_test.rs,test,EncryptionKeyVersionUnknownExceptionTest,,1,implemented,tested,
core/src/test/java/org/fuin/ddd4j/core/EntityIdPathTest.java,crates/core/tests/java_parity/core/entity_id_path_test.rs,test,EntityIdPathTest|MyIdFactory,,18,implemented,tested,
core/src/test/java/org/fuin/ddd4j/core/EntityIdTest.java,crates/core/tests/java_parity/core/entity_id_test.rs,test,EntityIdTest|MyIdFactory,,3,implemented,tested,
core/src/test/java/org/fuin/ddd4j/core/EntityNotFoundExceptionTest.java,crates/core/tests/java_parity/core/entity_not_found_exception_test.rs,test,EntityNotFoundExceptionTest,,1,implemented,tested,
core/src/test/java/org/fuin/ddd4j/core/EventIdTest.java,crates/core/tests/java_parity/core/event_id_test.rs,test,EventIdTest,,2,implemented,tested,
core/src/test/java/org/fuin/ddd4j/core/EventTypeTest.java,crates/core/tests/java_parity/core/event_type_test.rs,test,EventTypeTest,,2,implemented,tested,
core/src/test/java/org/fuin/ddd4j/core/ExpectedEntityIdPathValidatorTest.java,crates/core/tests/java_parity/core/expected_entity_id_path_validator_test.rs,test,ExpectedEntityIdPathValidatorTest,,4,implemented,tested,
core/src/test/java/org/fuin/ddd4j/core/HasEntityTypeConstantValidatorTest.java,crates/core/tests/java_parity/core/has_entity_type_constant_validator_test.rs,test,HasEntityTypeConstantValidatorTest|MyClassValid|MyClassNotStatic|MyClassNotPublic|MyClassNoField|MyClassWrongType|MyClassNullValue|MyClassNotFinal,,7,implemented,tested,
core/src/test/java/org/fuin/ddd4j/core/IntegerEntityIdTest.java,crates/core/tests/java_parity/core/integer_entity_id_test.rs,test,IntegerEntityIdTest,,3,implemented,tested,
core/src/test/java/org/fuin/ddd4j/core/JandexEntityIdFactoryTest.java,crates/core/tests/java_parity/core/jandex_entity_id_factory_test.rs,test,JandexEntityIdFactoryTest,,4,implemented,tested,
core/src/test/java/org/fuin/ddd4j/core/MethodExecutorTest.java,crates/core/tests/java_parity/core/method_executor_test.rs,test,MethodExecutorTest,,3,implemented,tested,
core/src/test/java/org/fuin/ddd4j/core/StringBasedEntityTypeTest.java,crates/core/tests/java_parity/core/string_based_entity_type_test.rs,test,StringBasedEntityTypeTest,,2,implemented,tested,
core/src/test/java/org/fuin/ddd4j/coretest/ACreatedEvent.java,crates/core/tests/java_parity/coretest/a_created_event.rs,test,ACreatedEvent,ACreatedEvent,0,implemented,tested,
core/src/test/java/org/fuin/ddd4j/coretest/AId.java,crates/core/tests/java_parity/coretest/a_id.rs,test,AId,AId,0,implemented,tested,
core/src/test/java/org/fuin/ddd4j/coretest/ARoot.java,crates/core/tests/java_parity/coretest/a_root.rs,test,ARoot,ARoot,0,implemented,tested,
core/src/test/java/org/fuin/ddd4j/coretest/AbstractDomainEvent.java,crates/core/tests/java_parity/coretest/abstract_domain_event.rs,test,AbstractDomainEvent|Builder,AbstractDomainEvent,0,implemented,tested,
core/src/test/java/org/fuin/ddd4j/coretest/AbstractEvent.java,crates/core/tests/java_parity/coretest/abstract_event.rs,test,AbstractEvent|Builder,AbstractEvent,0,implemented,tested,
core/src/test/java/org/fuin/ddd4j/coretest/BAddedEvent.java,crates/core/tests/java_parity/coretest/b_added_event.rs,test,BAddedEvent,BAddedEvent,0,implemented,tested,
core/src/test/java/org/fuin/ddd4j/coretest/BEntity.java,crates/core/tests/java_parity/coretest/b_entity.rs,test,BEntity,BEntity,0,implemented,tested,
core/src/test/java/org/fuin/ddd4j/coretest/BId.java,crates/core/tests/java_parity/coretest/b_id.rs,test,BId,BId,0,implemented,tested,
core/src/test/java/org/fuin/ddd4j/coretest/BaseRoot.java,crates/core/tests/java_parity/coretest/base_root.rs,test,BaseRoot,BaseRoot,0,implemented,tested,
core/src/test/java/org/fuin/ddd4j/coretest/CAddedEvent.java,crates/core/tests/java_parity/coretest/c_added_event.rs,test,CAddedEvent,CAddedEvent,0,implemented,tested,
core/src/test/java/org/fuin/ddd4j/coretest/CEntity.java,crates/core/tests/java_parity/coretest/c_entity.rs,test,CEntity,CEntity,0,implemented,tested,
core/src/test/java/org/fuin/ddd4j/coretest/CEvent.java,crates/core/tests/java_parity/coretest/c_event.rs,test,CEvent,CEvent,0,implemented,tested,
core/src/test/java/org/fuin/ddd4j/coretest/CId.java,crates/core/tests/java_parity/coretest/c_id.rs,test,CId,CId,0,implemented,tested,
core/src/test/java/org/fuin/ddd4j/coretest/DEvent.java,crates/core/tests/java_parity/coretest/d_event.rs,test,DEvent,DEvent,0,implemented,tested,
core/src/test/java/org/fuin/ddd4j/coretest/ImplRootId.java,crates/core/tests/java_parity/coretest/impl_root_id.rs,test,ImplRootId,ImplRootId,0,implemented,tested,
core/src/test/java/org/fuin/ddd4j/coretest/PersonId.java,crates/core/tests/java_parity/coretest/person_id.rs,test,PersonId,PersonId,0,implemented,tested,
core/src/test/java/org/fuin/ddd4j/coretest/VendorId.java,crates/core/tests/java_parity/coretest/vendor_id.rs,test,VendorId,VendorId,0,implemented,tested,
esc/src/main/java/org/fuin/ddd4j/esc/AggregateStreamId.java,crates/esc/src/aggregate_stream_id.rs,production,AggregateStreamId,AggregateStreamId,0,implemented,not_applicable,
esc/src/main/java/org/fuin/ddd4j/esc/EventStoreRepository.java,crates/esc/src/event_store_repository.rs,production,EventStoreRepository,EventStoreRepository,0,implemented,not_applicable,
esc/src/main/java/org/fuin/ddd4j/esc/package-info.java,crates/esc/src/package_info.rs,production,,,0,implemented,not_applicable,
esc/src/test/java/org/fuin/ddd4j/esc/AggregateStreamIdTest.java,crates/esc/tests/java_parity/esc/aggregate_stream_id_test.rs,test,AggregateStreamIdTest,,2,implemented,tested,
esc/src/test/java/org/fuin/ddd4j/esc/ArchitectureTest.java,crates/esc/tests/java_parity/esc/architecture_test.rs,test,ArchitectureTest,,0,implemented,tested,
esc/src/test/java/org/fuin/ddd4j/esc/BaseTest.java,crates/esc/tests/java_parity/esc/base_test.rs,test,BaseTest,StoreMode|MemoryEventStore|VendorAggregate,0,implemented,tested,
esc/src/test/java/org/fuin/ddd4j/esc/EventStoreRespositoryTest.java,crates/esc/tests/java_parity/esc/event_store_respository_test.rs,test,EventStoreRespositoryTest,,4,implemented,tested,
esc/src/test/java/org/fuin/ddd4j/esc/VendorRepository.java,crates/esc/tests/java_parity/esc/vendor_repository.rs,test,VendorRepository,VendorRepository,0,implemented,tested,
jackson/src/main/java/org/fuin/ddd4j/jackson/AbstractAggregateExceptionData.java,crates/serde/src/json/jackson/abstract_aggregate_exception_data.rs,production,AbstractAggregateExceptionData,AbstractAggregateExceptionData,0,implemented,not_applicable,jackson/src/main/java/org/fuin/ddd4j/jackson/AbstractAggregateExceptionData.java
jackson/src/main/java/org/fuin/ddd4j/jackson/AbstractDomainEvent.java,crates/serde/src/json/jackson/abstract_domain_event.rs,production,AbstractDomainEvent|Builder,AbstractDomainEvent,0,implemented,not_applicable,jackson/src/main/java/org/fuin/ddd4j/jackson/AbstractDomainEvent.java
jackson/src/main/java/org/fuin/ddd4j/jackson/AbstractEvent.java,crates/serde/src/json/jackson/abstract_event.rs,production,AbstractEvent|Builder,AbstractEvent,0,implemented,not_applicable,jackson/src/main/java/org/fuin/ddd4j/jackson/AbstractEvent.java
jackson/src/main/java/org/fuin/ddd4j/jackson/AbstractVersionedAggregateExceptionData.java,crates/serde/src/json/jackson/abstract_versioned_aggregate_exception_data.rs,production,AbstractVersionedAggregateExceptionData,AbstractVersionedAggregateExceptionData,0,implemented,not_applicable,jackson/src/main/java/org/fuin/ddd4j/jackson/AbstractVersionedAggregateExceptionData.java
jackson/src/main/java/org/fuin/ddd4j/jackson/AggregateAlreadyExistsExceptionData.java,crates/serde/src/json/jackson/aggregate_already_exists_exception_data.rs,production,AggregateAlreadyExistsExceptionData,AggregateAlreadyExistsExceptionData,0,implemented,not_applicable,jackson/src/main/java/org/fuin/ddd4j/jackson/AggregateAlreadyExistsExceptionData.java
jackson/src/main/java/org/fuin/ddd4j/jackson/AggregateDeletedExceptionData.java,crates/serde/src/json/jackson/aggregate_deleted_exception_data.rs,production,AggregateDeletedExceptionData,AggregateDeletedExceptionData,0,implemented,not_applicable,jackson/src/main/java/org/fuin/ddd4j/jackson/AggregateDeletedExceptionData.java
jackson/src/main/java/org/fuin/ddd4j/jackson/AggregateNotFoundExceptionData.java,crates/serde/src/json/jackson/aggregate_not_found_exception_data.rs,production,AggregateNotFoundExceptionData,AggregateNotFoundExceptionData,0,implemented,not_applicable,jackson/src/main/java/org/fuin/ddd4j/jackson/AggregateNotFoundExceptionData.java
jackson/src/main/java/org/fuin/ddd4j/jackson/AggregateVersionConflictExceptionData.java,crates/serde/src/json/jackson/aggregate_version_conflict_exception_data.rs,production,AggregateVersionConflictExceptionData,AggregateVersionConflictExceptionData,0,implemented,not_applicable,jackson/src/main/java/org/fuin/ddd4j/jackson/AggregateVersionConflictExceptionData.java
jackson/src/main/java/org/fuin/ddd4j/jackson/AggregateVersionJacksonDeserializer.java,crates/serde/src/json/jackson/aggregate_version_jackson_deserializer.rs,production,AggregateVersionJacksonDeserializer,AggregateVersionJacksonDeserializer,0,implemented,not_applicable,jackson/src/main/java/org/fuin/ddd4j/jackson/AggregateVersionJacksonDeserializer.java
jackson/src/main/java/org/fuin/ddd4j/jackson/AggregateVersionJacksonSerializer.java,crates/serde/src/json/jackson/aggregate_version_jackson_serializer.rs,production,AggregateVersionJacksonSerializer,AggregateVersionJacksonSerializer,0,implemented,not_applicable,jackson/src/main/java/org/fuin/ddd4j/jackson/AggregateVersionJacksonSerializer.java
jackson/src/main/java/org/fuin/ddd4j/jackson/AggregateVersionNotFoundExceptionData.java,crates/serde/src/json/jackson/aggregate_version_not_found_exception_data.rs,production,AggregateVersionNotFoundExceptionData,AggregateVersionNotFoundExceptionData,0,implemented,not_applicable,jackson/src/main/java/org/fuin/ddd4j/jackson/AggregateVersionNotFoundExceptionData.java
jackson/src/main/java/org/fuin/ddd4j/jackson/Ddd4JacksonModule.java,crates/serde/src/json/jackson/ddd4jackson_module.rs,production,Ddd4JacksonModule,Ddd4JacksonModule,0,implemented,not_applicable,jackson/src/main/java/org/fuin/ddd4j/jackson/Ddd4JacksonModule.java
jackson/src/main/java/org/fuin/ddd4j/jackson/DecryptionFailedExceptionData.java,crates/serde/src/json/jackson/decryption_failed_exception_data.rs,production,DecryptionFailedExceptionData,DecryptionFailedExceptionData,0,implemented,not_applicable,jackson/src/main/java/org/fuin/ddd4j/jackson/DecryptionFailedExceptionData.java
jackson/src/main/java/org/fuin/ddd4j/jackson/DuplicateEncryptionKeyIdExceptionData.java,crates/serde/src/json/jackson/duplicate_encryption_key_id_exception_data.rs,production,DuplicateEncryptionKeyIdExceptionData,DuplicateEncryptionKeyIdExceptionData,0,implemented,not_applicable,jackson/src/main/java/org/fuin/ddd4j/jackson/DuplicateEncryptionKeyIdExceptionData.java
jackson/src/main/java/org/fuin/ddd4j/jackson/DuplicateEntityExceptionData.java,crates/serde/src/json/jackson/duplicate_entity_exception_data.rs,production,DuplicateEntityExceptionData,DuplicateEntityExceptionData,0,implemented,not_applicable,jackson/src/main/java/org/fuin/ddd4j/jackson/DuplicateEntityExceptionData.java
jackson/src/main/java/org/fuin/ddd4j/jackson/EncryptedDataJackson.java,crates/serde/src/json/jackson/encrypted_data_jackson.rs,production,EncryptedDataJackson,EncryptedDataJackson,0,implemented,not_applicable,jackson/src/main/java/org/fuin/ddd4j/jackson/EncryptedDataJackson.java
jackson/src/main/java/org/fuin/ddd4j/jackson/EncryptionKeyIdUnknownExceptionData.java,crates/serde/src/json/jackson/encryption_key_id_unknown_exception_data.rs,production,EncryptionKeyIdUnknownExceptionData,EncryptionKeyIdUnknownExceptionData,0,implemented,not_applicable,jackson/src/main/java/org/fuin/ddd4j/jackson/EncryptionKeyIdUnknownExceptionData.java
jackson/src/main/java/org/fuin/ddd4j/jackson/EncryptionKeyVersionUnknownExceptionData.java,crates/serde/src/json/jackson/encryption_key_version_unknown_exception_data.rs,production,EncryptionKeyVersionUnknownExceptionData,EncryptionKeyVersionUnknownExceptionData,0,implemented,not_applicable,jackson/src/main/java/org/fuin/ddd4j/jackson/EncryptionKeyVersionUnknownExceptionData.java
jackson/src/main/java/org/fuin/ddd4j/jackson/EntityIdJacksonDeserializer.java,crates/serde/src/json/jackson/entity_id_jackson_deserializer.rs,production,EntityIdJacksonDeserializer,EntityIdJacksonDeserializer,0,implemented,not_applicable,jackson/src/main/java/org/fuin/ddd4j/jackson/EntityIdJacksonDeserializer.java
jackson/src/main/java/org/fuin/ddd4j/jackson/EntityIdJacksonSerializer.java,crates/serde/src/json/jackson/entity_id_jackson_serializer.rs,production,EntityIdJacksonSerializer,EntityIdJacksonSerializer,0,implemented,not_applicable,jackson/src/main/java/org/fuin/ddd4j/jackson/EntityIdJacksonSerializer.java
jackson/src/main/java/org/fuin/ddd4j/jackson/EntityIdPathJacksonDeserializer.java,crates/serde/src/json/jackson/entity_id_path_jackson_deserializer.rs,production,EntityIdPathJacksonDeserializer,EntityIdPathJacksonDeserializer,0,implemented,not_applicable,jackson/src/main/java/org/fuin/ddd4j/jackson/EntityIdPathJacksonDeserializer.java
jackson/src/main/java/org/fuin/ddd4j/jackson/EntityNotFoundExceptionData.java,crates/serde/src/json/jackson/entity_not_found_exception_data.rs,production,EntityNotFoundExceptionData,EntityNotFoundExceptionData,0,implemented,not_applicable,jackson/src/main/java/org/fuin/ddd4j/jackson/EntityNotFoundExceptionData.java
jackson/src/test/java/org/fuin/ddd4j/jackson/AbstractDomainEventTest.java,crates/serde/tests/java_parity/jackson/jackson/abstract_domain_event_test.rs,test,AbstractDomainEventTest|MyEvent1|Builder|MyEvent2,,6,implemented,tested,jackson/src/test/java/org/fuin/ddd4j/jackson/AbstractDomainEventTest.java
jackson/src/test/java/org/fuin/ddd4j/jackson/AbstractEventTest.java,crates/serde/tests/java_parity/jackson/jackson/abstract_event_test.rs,test,AbstractEventTest|MyEvent1|Builder|MyEvent2,,6,implemented,tested,jackson/src/test/java/org/fuin/ddd4j/jackson/AbstractEventTest.java
jackson/src/test/java/org/fuin/ddd4j/jackson/AggregateAlreadyExistsExceptionDataTest.java,crates/serde/tests/java_parity/jackson/jackson/aggregate_already_exists_exception_data_test.rs,test,AggregateAlreadyExistsExceptionDataTest,,4,implemented,tested,jackson/src/test/java/org/fuin/ddd4j/jackson/AggregateAlreadyExistsExceptionDataTest.java
jackson/src/test/java/org/fuin/ddd4j/jackson/AggregateDeletedExceptionDataTest.java,crates/serde/tests/java_parity/jackson/jackson/aggregate_deleted_exception_data_test.rs,test,AggregateDeletedExceptionDataTest,,4,implemented,tested,jackson/src/test/java/org/fuin/ddd4j/jackson/AggregateDeletedExceptionDataTest.java
jackson/src/test/java/org/fuin/ddd4j/jackson/AggregateNotFoundExceptionDataTest.java,crates/serde/tests/java_parity/jackson/jackson/aggregate_not_found_exception_data_test.rs,test,AggregateNotFoundExceptionDataTest,,4,implemented,tested,jackson/src/test/java/org/fuin/ddd4j/jackson/AggregateNotFoundExceptionDataTest.java
jackson/src/test/java/org/fuin/ddd4j/jackson/AggregateVersionConflictExceptionDataTest.java,crates/serde/tests/java_parity/jackson/jackson/aggregate_version_conflict_exception_data_test.rs,test,AggregateVersionConflictExceptionDataTest,,4,implemented,tested,jackson/src/test/java/org/fuin/ddd4j/jackson/AggregateVersionConflictExceptionDataTest.java
jackson/src/test/java/org/fuin/ddd4j/jackson/AggregateVersionJacksonDeserializerTest.java,crates/serde/tests/java_parity/jackson/jackson/aggregate_version_jackson_deserializer_test.rs,test,AggregateVersionJacksonDeserializerTest,,1,implemented,tested,jackson/src/test/java/org/fuin/ddd4j/jackson/AggregateVersionJacksonDeserializerTest.java
jackson/src/test/java/org/fuin/ddd4j/jackson/AggregateVersionJacksonSerializerTest.java,crates/serde/tests/java_parity/jackson/jackson/aggregate_version_jackson_serializer_test.rs,test,AggregateVersionJacksonSerializerTest,,1,implemented,tested,jackson/src/test/java/org/fuin/ddd4j/jackson/AggregateVersionJacksonSerializerTest.java
jackson/src/test/java/org/fuin/ddd4j/jackson/AggregateVersionNotFoundExceptionDataTest.java,crates/serde/tests/java_parity/jackson/jackson/aggregate_version_not_found_exception_data_test.rs,test,AggregateVersionNotFoundExceptionDataTest,,4,implemented,tested,jackson/src/test/java/org/fuin/ddd4j/jackson/AggregateVersionNotFoundExceptionDataTest.java
jackson/src/test/java/org/fuin/ddd4j/jackson/ArchitectureTest.java,crates/serde/tests/java_parity/jackson/jackson/architecture_test.rs,test,ArchitectureTest,,2,implemented,tested,jackson/src/test/java/org/fuin/ddd4j/jackson/ArchitectureTest.java
jackson/src/test/java/org/fuin/ddd4j/jackson/BaseTest.java,crates/serde/tests/java_parity/jackson/jackson/base_test.rs,test,BaseTest,BaseTest,0,implemented,tested,jackson/src/test/java/org/fuin/ddd4j/jackson/BaseTest.java
jackson/src/test/java/org/fuin/ddd4j/jackson/DecryptionFailedExceptionDataTest.java,crates/serde/tests/java_parity/jackson/jackson/decryption_failed_exception_data_test.rs,test,DecryptionFailedExceptionDataTest,,4,implemented,tested,jackson/src/test/java/org/fuin/ddd4j/jackson/DecryptionFailedExceptionDataTest.java
jackson/src/test/java/org/fuin/ddd4j/jackson/DuplicateEncryptionKeyIdExceptionDataTest.java,crates/serde/tests/java_parity/jackson/jackson/duplicate_encryption_key_id_exception_data_test.rs,test,DuplicateEncryptionKeyIdExceptionDataTest,,4,implemented,tested,jackson/src/test/java/org/fuin/ddd4j/jackson/DuplicateEncryptionKeyIdExceptionDataTest.java
jackson/src/test/java/org/fuin/ddd4j/jackson/DuplicateEntityExceptionDataTest.java,crates/serde/tests/java_parity/jackson/jackson/duplicate_entity_exception_data_test.rs,test,DuplicateEntityExceptionDataTest,,4,implemented,tested,jackson/src/test/java/org/fuin/ddd4j/jackson/DuplicateEntityExceptionDataTest.java
jackson/src/test/java/org/fuin/ddd4j/jackson/EncryptedDataJacksonTest.java,crates/serde/tests/java_parity/jackson/jackson/encrypted_data_jackson_test.rs,test,EncryptedDataJacksonTest,,4,implemented,tested,jackson/src/test/java/org/fuin/ddd4j/jackson/EncryptedDataJacksonTest.java
jackson/src/test/java/org/fuin/ddd4j/jackson/EncryptionKeyIdUnknownExceptionDataTest.java,crates/serde/tests/java_parity/jackson/jackson/encryption_key_id_unknown_exception_data_test.rs,test,EncryptionKeyIdUnknownExceptionDataTest,,4,implemented,tested,jackson/src/test/java/org/fuin/ddd4j/jackson/EncryptionKeyIdUnknownExceptionDataTest.java
jackson/src/test/java/org/fuin/ddd4j/jackson/EncryptionKeyVersionUnknownExceptionDataTest.java,crates/serde/tests/java_parity/jackson/jackson/encryption_key_version_unknown_exception_data_test.rs,test,EncryptionKeyVersionUnknownExceptionDataTest,,4,implemented,tested,jackson/src/test/java/org/fuin/ddd4j/jackson/EncryptionKeyVersionUnknownExceptionDataTest.java
jackson/src/test/java/org/fuin/ddd4j/jackson/EntityIdJacksonDeserializerTest.java,crates/serde/tests/java_parity/jackson/jackson/entity_id_jackson_deserializer_test.rs,test,EntityIdJacksonDeserializerTest,,1,implemented,tested,jackson/src/test/java/org/fuin/ddd4j/jackson/EntityIdJacksonDeserializerTest.java
jackson/src/test/java/org/fuin/ddd4j/jackson/EntityIdJacksonSerializerTest.java,crates/serde/tests/java_parity/jackson/jackson/entity_id_jackson_serializer_test.rs,test,EntityIdJacksonSerializerTest,,1,implemented,tested,jackson/src/test/java/org/fuin/ddd4j/jackson/EntityIdJacksonSerializerTest.java
jackson/src/test/java/org/fuin/ddd4j/jackson/EntityIdPathJacksonDeserializerTest.java,crates/serde/tests/java_parity/jackson/jackson/entity_id_path_jackson_deserializer_test.rs,test,EntityIdPathJacksonDeserializerTest,,1,implemented,tested,jackson/src/test/java/org/fuin/ddd4j/jackson/EntityIdPathJacksonDeserializerTest.java
jackson/src/test/java/org/fuin/ddd4j/jackson/EntityIdPathJacksonSerializerTest.java,crates/serde/tests/java_parity/jackson/jackson/entity_id_path_jackson_serializer_test.rs,test,EntityIdPathJacksonSerializerTest,,1,implemented,tested,jackson/src/test/java/org/fuin/ddd4j/jackson/EntityIdPathJacksonSerializerTest.java
jackson/src/test/java/org/fuin/ddd4j/jackson/EntityNotFoundExceptionDataTest.java,crates/serde/tests/java_parity/jackson/jackson/entity_not_found_exception_data_test.rs,test,EntityNotFoundExceptionDataTest,,4,implemented,tested,jackson/src/test/java/org/fuin/ddd4j/jackson/EntityNotFoundExceptionDataTest.java
jackson/src/test/java/org/fuin/ddd4j/jackson/EventIdJacksonDeserializerTest.java,crates/serde/tests/java_parity/jackson/jackson/event_id_jackson_deserializer_test.rs,test,EventIdJacksonDeserializerTest,,1,implemented,tested,jackson/src/test/java/org/fuin/ddd4j/jackson/EventIdJacksonDeserializerTest.java
jackson/src/test/java/org/fuin/ddd4j/jackson/EventIdJacksonSerializerTest.java,crates/serde/tests/java_parity/jackson/jackson/event_id_jackson_serializer_test.rs,test,EventIdJacksonSerializerTest,,1,implemented,tested,jackson/src/test/java/org/fuin/ddd4j/jackson/EventIdJacksonSerializerTest.java
jackson/src/test/java/org/fuin/ddd4j/jackson/TestUtils.java,crates/serde/tests/java_parity/jackson/jackson/test_utils.rs,test,TestUtils,TestUtils,0,implemented,tested,jackson/src/test/java/org/fuin/ddd4j/jackson/TestUtils.java
jackson/src/test/java/org/fuin/ddd4j/jacksontest/ACreatedEvent.java,crates/serde/tests/java_parity/jackson/jacksontest/a_created_event.rs,test,ACreatedEvent,ACreatedEvent,0,implemented,tested,jackson/src/test/java/org/fuin/ddd4j/jacksontest/ACreatedEvent.java
jackson/src/test/java/org/fuin/ddd4j/jacksontest/AId.java,crates/serde/tests/java_parity/jackson/jacksontest/a_id.rs,test,AId,AId,0,implemented,tested,jackson/src/test/java/org/fuin/ddd4j/jacksontest/AId.java
jackson/src/test/java/org/fuin/ddd4j/jacksontest/ARoot.java,crates/serde/tests/java_parity/jackson/jacksontest/a_root.rs,test,ARoot,ARoot,0,implemented,tested,jackson/src/test/java/org/fuin/ddd4j/jacksontest/ARoot.java
jackson/src/test/java/org/fuin/ddd4j/jacksontest/BAddedEvent.java,crates/serde/tests/java_parity/jackson/jacksontest/b_added_event.rs,test,BAddedEvent,BAddedEvent,0,implemented,tested,jackson/src/test/java/org/fuin/ddd4j/jacksontest/BAddedEvent.java
jackson/src/test/java/org/fuin/ddd4j/jacksontest/BEntity.java,crates/serde/tests/java_parity/jackson/jacksontest/b_entity.rs,test,BEntity,BEntity,0,implemented,tested,jackson/src/test/java/org/fuin/ddd4j/jacksontest/BEntity.java
jackson/src/test/java/org/fuin/ddd4j/jacksontest/BId.java,crates/serde/tests/java_parity/jackson/jacksontest/b_id.rs,test,BId,BId,0,implemented,tested,jackson/src/test/java/org/fuin/ddd4j/jacksontest/BId.java
jackson/src/test/java/org/fuin/ddd4j/jacksontest/BaseRoot.java,crates/serde/tests/java_parity/jackson/jacksontest/base_root.rs,test,BaseRoot,BaseRoot,0,implemented,tested,jackson/src/test/java/org/fuin/ddd4j/jacksontest/BaseRoot.java
jackson/src/test/java/org/fuin/ddd4j/jacksontest/CAddedEvent.java,crates/serde/tests/java_parity/jackson/jacksontest/c_added_event.rs,test,CAddedEvent,CAddedEvent,0,implemented,tested,jackson/src/test/java/org/fuin/ddd4j/jacksontest/CAddedEvent.java
jackson/src/test/java/org/fuin/ddd4j/jacksontest/CEntity.java,crates/serde/tests/java_parity/jackson/jacksontest/c_entity.rs,test,CEntity,CEntity,0,implemented,tested,jackson/src/test/java/org/fuin/ddd4j/jacksontest/CEntity.java
jackson/src/test/java/org/fuin/ddd4j/jacksontest/CEvent.java,crates/serde/tests/java_parity/jackson/jacksontest/c_event.rs,test,CEvent,CEvent,0,implemented,tested,jackson/src/test/java/org/fuin/ddd4j/jacksontest/CEvent.java
jackson/src/test/java/org/fuin/ddd4j/jacksontest/CId.java,crates/serde/tests/java_parity/jackson/jacksontest/c_id.rs,test,CId,CId,0,implemented,tested,jackson/src/test/java/org/fuin/ddd4j/jacksontest/CId.java
jackson/src/test/java/org/fuin/ddd4j/jacksontest/DEvent.java,crates/serde/tests/java_parity/jackson/jacksontest/d_event.rs,test,DEvent,DEvent,0,implemented,tested,jackson/src/test/java/org/fuin/ddd4j/jacksontest/DEvent.java
jackson/src/test/java/org/fuin/ddd4j/jacksontest/DuplicateVendorKeyException.java,crates/serde/tests/java_parity/jackson/jacksontest/duplicate_vendor_key_exception.rs,test,DuplicateVendorKeyException,DuplicateVendorKeyException,0,implemented,tested,jackson/src/test/java/org/fuin/ddd4j/jacksontest/DuplicateVendorKeyException.java
jackson/src/test/java/org/fuin/ddd4j/jacksontest/ImplRootId.java,crates/serde/tests/java_parity/jackson/jacksontest/impl_root_id.rs,test,ImplRootId,ImplRootId,0,implemented,tested,jackson/src/test/java/org/fuin/ddd4j/jacksontest/ImplRootId.java
jackson/src/test/java/org/fuin/ddd4j/jacksontest/JacksonTestEntityIdFactory.java,crates/serde/tests/java_parity/jackson/jacksontest/jackson_test_entity_id_factory.rs,test,JacksonTestEntityIdFactory,JacksonTestEntityIdFactory,0,implemented,tested,jackson/src/test/java/org/fuin/ddd4j/jacksontest/JacksonTestEntityIdFactory.java
jackson/src/test/java/org/fuin/ddd4j/jacksontest/Person.java,crates/serde/tests/java_parity/jackson/jacksontest/person.rs,test,Person,Person,0,implemented,tested,jackson/src/test/java/org/fuin/ddd4j/jacksontest/Person.java
jackson/src/test/java/org/fuin/ddd4j/jacksontest/PersonCreatedEvent.java,crates/serde/tests/java_parity/jackson/jacksontest/person_created_event.rs,test,PersonCreatedEvent,PersonCreatedEvent,0,implemented,tested,jackson/src/test/java/org/fuin/ddd4j/jacksontest/PersonCreatedEvent.java
jackson/src/test/java/org/fuin/ddd4j/jacksontest/PersonId.java,crates/serde/tests/java_parity/jackson/jacksontest/person_id.rs,test,PersonId,PersonId,0,implemented,tested,jackson/src/test/java/org/fuin/ddd4j/jacksontest/PersonId.java
jackson/src/test/java/org/fuin/ddd4j/jacksontest/PersonName.java,crates/serde/tests/java_parity/jackson/jacksontest/person_name.rs,test,PersonName,PersonName,0,implemented,tested,jackson/src/test/java/org/fuin/ddd4j/jacksontest/PersonName.java
jackson/src/test/java/org/fuin/ddd4j/jacksontest/PersonNameChangedEvent.java,crates/serde/tests/java_parity/jackson/jacksontest/person_name_changed_event.rs,test,PersonNameChangedEvent,PersonNameChangedEvent,0,implemented,tested,jackson/src/test/java/org/fuin/ddd4j/jacksontest/PersonNameChangedEvent.java
jackson/src/test/java/org/fuin/ddd4j/jacksontest/PersonNotFoundException.java,crates/serde/tests/java_parity/jackson/jacksontest/person_not_found_exception.rs,test,PersonNotFoundException,PersonNotFoundException,0,implemented,tested,jackson/src/test/java/org/fuin/ddd4j/jacksontest/PersonNotFoundException.java
jackson/src/test/java/org/fuin/ddd4j/jacksontest/TestJacksonAdapterModule.java,crates/serde/tests/java_parity/jackson/jacksontest/test_jackson_adapter_module.rs,test,TestJacksonAdapterModule,TestJacksonAdapterModule,0,implemented,tested,jackson/src/test/java/org/fuin/ddd4j/jacksontest/TestJacksonAdapterModule.java
jackson/src/test/java/org/fuin/ddd4j/jacksontest/Vendor.java,crates/serde/tests/java_parity/jackson/jacksontest/vendor.rs,test,Vendor|ConstructorService,Vendor,0,implemented,tested,jackson/src/test/java/org/fuin/ddd4j/jacksontest/Vendor.java
jackson/src/test/java/org/fuin/ddd4j/jacksontest/VendorCreatedEvent.java,crates/serde/tests/java_parity/jackson/jacksontest/vendor_created_event.rs,test,VendorCreatedEvent,VendorCreatedEvent,0,implemented,tested,jackson/src/test/java/org/fuin/ddd4j/jacksontest/VendorCreatedEvent.java
jackson/src/test/java/org/fuin/ddd4j/jacksontest/VendorEventId.java,crates/serde/tests/java_parity/jackson/jacksontest/vendor_event_id.rs,test,VendorEventId,VendorEventId,0,implemented,tested,jackson/src/test/java/org/fuin/ddd4j/jacksontest/VendorEventId.java
jackson/src/test/java/org/fuin/ddd4j/jacksontest/VendorExampleTest.java,crates/serde/tests/java_parity/jackson/jacksontest/vendor_example_test.rs,test,VendorExampleTest,,3,implemented,tested,jackson/src/test/java/org/fuin/ddd4j/jacksontest/VendorExampleTest.java
jackson/src/test/java/org/fuin/ddd4j/jacksontest/VendorId.java,crates/serde/tests/java_parity/jackson/jacksontest/vendor_id.rs,test,VendorId,VendorId,0,implemented,tested,jackson/src/test/java/org/fuin/ddd4j/jacksontest/VendorId.java
jackson/src/test/java/org/fuin/ddd4j/jacksontest/VendorKey.java,crates/serde/tests/java_parity/jackson/jacksontest/vendor_key.rs,test,VendorKey,VendorKey,0,implemented,tested,jackson/src/test/java/org/fuin/ddd4j/jacksontest/VendorKey.java
jackson/src/test/java/org/fuin/ddd4j/jacksontest/VendorKeyStr.java,crates/serde/tests/java_parity/jackson/jacksontest/vendor_key_str.rs,test,VendorKeyStr,VendorKeyStr,0,implemented,tested,jackson/src/test/java/org/fuin/ddd4j/jacksontest/VendorKeyStr.java
jackson/src/test/java/org/fuin/ddd4j/jacksontest/VendorKeyStrValidator.java,crates/serde/tests/java_parity/jackson/jacksontest/vendor_key_str_validator.rs,test,VendorKeyStrValidator,VendorKeyStrValidator,0,implemented,tested,jackson/src/test/java/org/fuin/ddd4j/jacksontest/VendorKeyStrValidator.java
jackson/src/test/java/org/fuin/ddd4j/jacksontest/VendorName.java,crates/serde/tests/java_parity/jackson/jacksontest/vendor_name.rs,test,VendorName,VendorName,0,implemented,tested,jackson/src/test/java/org/fuin/ddd4j/jacksontest/VendorName.java
jackson/src/test/java/org/fuin/ddd4j/jacksontest/VendorNameStr.java,crates/serde/tests/java_parity/jackson/jacksontest/vendor_name_str.rs,test,VendorNameStr,VendorNameStr,0,implemented,tested,jackson/src/test/java/org/fuin/ddd4j/jacksontest/VendorNameStr.java
jackson/src/test/java/org/fuin/ddd4j/jacksontest/VendorNameStrValidator.java,crates/serde/tests/java_parity/jackson/jacksontest/vendor_name_str_validator.rs,test,VendorNameStrValidator,VendorNameStrValidator,0,implemented,tested,jackson/src/test/java/org/fuin/ddd4j/jacksontest/VendorNameStrValidator.java
jackson/src/test/java/org/fuin/ddd4j/jacksontest/VendorRef.java,crates/serde/tests/java_parity/jackson/jacksontest/vendor_ref.rs,test,VendorRef,VendorRef,0,implemented,tested,jackson/src/test/java/org/fuin/ddd4j/jacksontest/VendorRef.java
jacoco/src/main/java/org/fuin/ddd4j/jacoco/Dummy.java,crates/test/support/src/coverage_marker.rs,production,Dummy,CoverageMarker,0,implemented,not_applicable,
jaxb/src/main/java/org/fuin/ddd4j/jaxb/AbstractAggregateExceptionData.java,crates/serde/src/xml/jaxb/abstract_aggregate_exception_data.rs,production,AbstractAggregateExceptionData,AbstractAggregateExceptionData,0,implemented,not_applicable,jaxb/src/main/java/org/fuin/ddd4j/jaxb/AbstractAggregateExceptionData.java
jaxb/src/main/java/org/fuin/ddd4j/jaxb/AbstractDomainEvent.java,crates/serde/src/xml/jaxb/abstract_domain_event.rs,production,AbstractDomainEvent|Builder,AbstractDomainEvent,0,implemented,not_applicable,jaxb/src/main/java/org/fuin/ddd4j/jaxb/AbstractDomainEvent.java
jaxb/src/main/java/org/fuin/ddd4j/jaxb/AbstractEvent.java,crates/serde/src/xml/jaxb/abstract_event.rs,production,AbstractEvent|Builder,AbstractEvent,0,implemented,not_applicable,jaxb/src/main/java/org/fuin/ddd4j/jaxb/AbstractEvent.java
jaxb/src/main/java/org/fuin/ddd4j/jaxb/AbstractVersionedAggregateExceptionData.java,crates/serde/src/xml/jaxb/abstract_versioned_aggregate_exception_data.rs,production,AbstractVersionedAggregateExceptionData,AbstractVersionedAggregateExceptionData,0,implemented,not_applicable,jaxb/src/main/java/org/fuin/ddd4j/jaxb/AbstractVersionedAggregateExceptionData.java
jaxb/src/main/java/org/fuin/ddd4j/jaxb/AggregateAlreadyExistsExceptionData.java,crates/serde/src/xml/jaxb/aggregate_already_exists_exception_data.rs,production,AggregateAlreadyExistsExceptionData,AggregateAlreadyExistsExceptionData,0,implemented,not_applicable,jaxb/src/main/java/org/fuin/ddd4j/jaxb/AggregateAlreadyExistsExceptionData.java
jaxb/src/main/java/org/fuin/ddd4j/jaxb/AggregateDeletedExceptionData.java,crates/serde/src/xml/jaxb/aggregate_deleted_exception_data.rs,production,AggregateDeletedExceptionData,AggregateDeletedExceptionData,0,implemented,not_applicable,jaxb/src/main/java/org/fuin/ddd4j/jaxb/AggregateDeletedExceptionData.java
jaxb/src/main/java/org/fuin/ddd4j/jaxb/AggregateNotFoundExceptionData.java,crates/serde/src/xml/jaxb/aggregate_not_found_exception_data.rs,production,AggregateNotFoundExceptionData,AggregateNotFoundExceptionData,0,implemented,not_applicable,jaxb/src/main/java/org/fuin/ddd4j/jaxb/AggregateNotFoundExceptionData.java
jaxb/src/main/java/org/fuin/ddd4j/jaxb/AggregateVersionConflictExceptionData.java,crates/serde/src/xml/jaxb/aggregate_version_conflict_exception_data.rs,production,AggregateVersionConflictExceptionData,AggregateVersionConflictExceptionData,0,implemented,not_applicable,jaxb/src/main/java/org/fuin/ddd4j/jaxb/AggregateVersionConflictExceptionData.java
jaxb/src/main/java/org/fuin/ddd4j/jaxb/AggregateVersionNotFoundExceptionData.java,crates/serde/src/xml/jaxb/aggregate_version_not_found_exception_data.rs,production,AggregateVersionNotFoundExceptionData,AggregateVersionNotFoundExceptionData,0,implemented,not_applicable,jaxb/src/main/java/org/fuin/ddd4j/jaxb/AggregateVersionNotFoundExceptionData.java
jaxb/src/main/java/org/fuin/ddd4j/jaxb/AggregateVersionXmlAdapter.java,crates/serde/src/xml/jaxb/aggregate_version_xml_adapter.rs,production,AggregateVersionXmlAdapter,AggregateVersionXmlAdapter,0,implemented,not_applicable,jaxb/src/main/java/org/fuin/ddd4j/jaxb/AggregateVersionXmlAdapter.java
jaxb/src/main/java/org/fuin/ddd4j/jaxb/DecryptionFailedExceptionData.java,crates/serde/src/xml/jaxb/decryption_failed_exception_data.rs,production,DecryptionFailedExceptionData,DecryptionFailedExceptionData,0,implemented,not_applicable,jaxb/src/main/java/org/fuin/ddd4j/jaxb/DecryptionFailedExceptionData.java
jaxb/src/main/java/org/fuin/ddd4j/jaxb/DuplicateEncryptionKeyIdExceptionData.java,crates/serde/src/xml/jaxb/duplicate_encryption_key_id_exception_data.rs,production,DuplicateEncryptionKeyIdExceptionData,DuplicateEncryptionKeyIdExceptionData,0,implemented,not_applicable,jaxb/src/main/java/org/fuin/ddd4j/jaxb/DuplicateEncryptionKeyIdExceptionData.java
jaxb/src/main/java/org/fuin/ddd4j/jaxb/DuplicateEntityExceptionData.java,crates/serde/src/xml/jaxb/duplicate_entity_exception_data.rs,production,DuplicateEntityExceptionData,DuplicateEntityExceptionData,0,implemented,not_applicable,jaxb/src/main/java/org/fuin/ddd4j/jaxb/DuplicateEntityExceptionData.java
jaxb/src/main/java/org/fuin/ddd4j/jaxb/EncryptedDataJaxb.java,crates/serde/src/xml/jaxb/encrypted_data_jaxb.rs,production,EncryptedDataJaxb,EncryptedDataJaxb,0,implemented,not_applicable,jaxb/src/main/java/org/fuin/ddd4j/jaxb/EncryptedDataJaxb.java
jaxb/src/main/java/org/fuin/ddd4j/jaxb/EncryptionKeyIdUnknownExceptionData.java,crates/serde/src/xml/jaxb/encryption_key_id_unknown_exception_data.rs,production,EncryptionKeyIdUnknownExceptionData,EncryptionKeyIdUnknownExceptionData,0,implemented,not_applicable,jaxb/src/main/java/org/fuin/ddd4j/jaxb/EncryptionKeyIdUnknownExceptionData.java
jaxb/src/main/java/org/fuin/ddd4j/jaxb/EncryptionKeyVersionUnknownExceptionData.java,crates/serde/src/xml/jaxb/encryption_key_version_unknown_exception_data.rs,production,EncryptionKeyVersionUnknownExceptionData,EncryptionKeyVersionUnknownExceptionData,0,implemented,not_applicable,jaxb/src/main/java/org/fuin/ddd4j/jaxb/EncryptionKeyVersionUnknownExceptionData.java
jaxb/src/main/java/org/fuin/ddd4j/jaxb/EntityIdPathXmlAdapter.java,crates/serde/src/xml/jaxb/entity_id_path_xml_adapter.rs,production,EntityIdPathXmlAdapter,EntityIdPathXmlAdapter,0,implemented,not_applicable,jaxb/src/main/java/org/fuin/ddd4j/jaxb/EntityIdPathXmlAdapter.java
jaxb/src/main/java/org/fuin/ddd4j/jaxb/EntityIdXmlAdapter.java,crates/serde/src/xml/jaxb/entity_id_xml_adapter.rs,production,EntityIdXmlAdapter,EntityIdXmlAdapter,0,implemented,not_applicable,jaxb/src/main/java/org/fuin/ddd4j/jaxb/EntityIdXmlAdapter.java
jaxb/src/main/java/org/fuin/ddd4j/jaxb/EntityNotFoundExceptionData.java,crates/serde/src/xml/jaxb/entity_not_found_exception_data.rs,production,EntityNotFoundExceptionData,EntityNotFoundExceptionData,0,implemented,not_applicable,jaxb/src/main/java/org/fuin/ddd4j/jaxb/EntityNotFoundExceptionData.java
jaxb/src/main/java/org/fuin/ddd4j/jaxb/EventIdXmlAdapter.java,crates/serde/src/xml/jaxb/event_id_xml_adapter.rs,production,EventIdXmlAdapter,EventIdXmlAdapter,0,implemented,not_applicable,jaxb/src/main/java/org/fuin/ddd4j/jaxb/EventIdXmlAdapter.java
jaxb/src/test/java/org/fuin/ddd4j/jaxb/AbstractDomainEventTest.java,crates/serde/tests/java_parity/jaxb/jaxb/abstract_domain_event_test.rs,test,AbstractDomainEventTest|MyEvent1|Builder|MyEvent2,,6,implemented,tested,jaxb/src/test/java/org/fuin/ddd4j/jaxb/AbstractDomainEventTest.java
jaxb/src/test/java/org/fuin/ddd4j/jaxb/AbstractEventTest.java,crates/serde/tests/java_parity/jaxb/jaxb/abstract_event_test.rs,test,AbstractEventTest|MyEvent1|Builder|MyEvent2,,6,implemented,tested,jaxb/src/test/java/org/fuin/ddd4j/jaxb/AbstractEventTest.java
jaxb/src/test/java/org/fuin/ddd4j/jaxb/AggregateAlreadyExistsExceptionDataTest.java,crates/serde/tests/java_parity/jaxb/jaxb/aggregate_already_exists_exception_data_test.rs,test,AggregateAlreadyExistsExceptionDataTest,,4,implemented,tested,jaxb/src/test/java/org/fuin/ddd4j/jaxb/AggregateAlreadyExistsExceptionDataTest.java
jaxb/src/test/java/org/fuin/ddd4j/jaxb/AggregateDeletedExceptionDataTest.java,crates/serde/tests/java_parity/jaxb/jaxb/aggregate_deleted_exception_data_test.rs,test,AggregateDeletedExceptionDataTest,,4,implemented,tested,jaxb/src/test/java/org/fuin/ddd4j/jaxb/AggregateDeletedExceptionDataTest.java
jaxb/src/test/java/org/fuin/ddd4j/jaxb/AggregateNotFoundExceptionDataTest.java,crates/serde/tests/java_parity/jaxb/jaxb/aggregate_not_found_exception_data_test.rs,test,AggregateNotFoundExceptionDataTest,,4,implemented,tested,jaxb/src/test/java/org/fuin/ddd4j/jaxb/AggregateNotFoundExceptionDataTest.java
jaxb/src/test/java/org/fuin/ddd4j/jaxb/AggregateVersionConflictExceptionDataTest.java,crates/serde/tests/java_parity/jaxb/jaxb/aggregate_version_conflict_exception_data_test.rs,test,AggregateVersionConflictExceptionDataTest,,4,implemented,tested,jaxb/src/test/java/org/fuin/ddd4j/jaxb/AggregateVersionConflictExceptionDataTest.java
jaxb/src/test/java/org/fuin/ddd4j/jaxb/AggregateVersionNotFoundExceptionDataTest.java,crates/serde/tests/java_parity/jaxb/jaxb/aggregate_version_not_found_exception_data_test.rs,test,AggregateVersionNotFoundExceptionDataTest,,4,implemented,tested,jaxb/src/test/java/org/fuin/ddd4j/jaxb/AggregateVersionNotFoundExceptionDataTest.java
jaxb/src/test/java/org/fuin/ddd4j/jaxb/AggregateVersionXmlAdapterTest.java,crates/serde/tests/java_parity/jaxb/jaxb/aggregate_version_xml_adapter_test.rs,test,AggregateVersionXmlAdapterTest,,2,implemented,tested,jaxb/src/test/java/org/fuin/ddd4j/jaxb/AggregateVersionXmlAdapterTest.java
jaxb/src/test/java/org/fuin/ddd4j/jaxb/ArchitectureTest.java,crates/serde/tests/java_parity/jaxb/jaxb/architecture_test.rs,test,ArchitectureTest,,2,implemented,tested,jaxb/src/test/java/org/fuin/ddd4j/jaxb/ArchitectureTest.java
jaxb/src/test/java/org/fuin/ddd4j/jaxb/BaseTest.java,crates/serde/tests/java_parity/jaxb/jaxb/base_test.rs,test,BaseTest,BaseTest,0,implemented,tested,jaxb/src/test/java/org/fuin/ddd4j/jaxb/BaseTest.java
jaxb/src/test/java/org/fuin/ddd4j/jaxb/DecryptionFailedExceptionDataTest.java,crates/serde/tests/java_parity/jaxb/jaxb/decryption_failed_exception_data_test.rs,test,DecryptionFailedExceptionDataTest,,4,implemented,tested,jaxb/src/test/java/org/fuin/ddd4j/jaxb/DecryptionFailedExceptionDataTest.java
jaxb/src/test/java/org/fuin/ddd4j/jaxb/DuplicateEncryptionKeyIdExceptionDataTest.java,crates/serde/tests/java_parity/jaxb/jaxb/duplicate_encryption_key_id_exception_data_test.rs,test,DuplicateEncryptionKeyIdExceptionDataTest,,4,implemented,tested,jaxb/src/test/java/org/fuin/ddd4j/jaxb/DuplicateEncryptionKeyIdExceptionDataTest.java
jaxb/src/test/java/org/fuin/ddd4j/jaxb/DuplicateEntityExceptionDataTest.java,crates/serde/tests/java_parity/jaxb/jaxb/duplicate_entity_exception_data_test.rs,test,DuplicateEntityExceptionDataTest,,4,implemented,tested,jaxb/src/test/java/org/fuin/ddd4j/jaxb/DuplicateEntityExceptionDataTest.java
jaxb/src/test/java/org/fuin/ddd4j/jaxb/EncryptedDataJaxbTest.java,crates/serde/tests/java_parity/jaxb/jaxb/encrypted_data_jaxb_test.rs,test,EncryptedDataJaxbTest,,4,implemented,tested,jaxb/src/test/java/org/fuin/ddd4j/jaxb/EncryptedDataJaxbTest.java
jaxb/src/test/java/org/fuin/ddd4j/jaxb/EncryptionKeyIdUnknownExceptionDataTest.java,crates/serde/tests/java_parity/jaxb/jaxb/encryption_key_id_unknown_exception_data_test.rs,test,EncryptionKeyIdUnknownExceptionDataTest,,4,implemented,tested,jaxb/src/test/java/org/fuin/ddd4j/jaxb/EncryptionKeyIdUnknownExceptionDataTest.java
jaxb/src/test/java/org/fuin/ddd4j/jaxb/EncryptionKeyVersionUnknownExceptionDataTest.java,crates/serde/tests/java_parity/jaxb/jaxb/encryption_key_version_unknown_exception_data_test.rs,test,EncryptionKeyVersionUnknownExceptionDataTest,,4,implemented,tested,jaxb/src/test/java/org/fuin/ddd4j/jaxb/EncryptionKeyVersionUnknownExceptionDataTest.java
jaxb/src/test/java/org/fuin/ddd4j/jaxb/EntityIdPathXmlAdapterTest.java,crates/serde/tests/java_parity/jaxb/jaxb/entity_id_path_xml_adapter_test.rs,test,EntityIdPathXmlAdapterTest,,2,implemented,tested,jaxb/src/test/java/org/fuin/ddd4j/jaxb/EntityIdPathXmlAdapterTest.java
jaxb/src/test/java/org/fuin/ddd4j/jaxb/EntityIdXmlAdapterTest.java,crates/serde/tests/java_parity/jaxb/jaxb/entity_id_xml_adapter_test.rs,test,EntityIdXmlAdapterTest,,2,implemented,tested,jaxb/src/test/java/org/fuin/ddd4j/jaxb/EntityIdXmlAdapterTest.java
jaxb/src/test/java/org/fuin/ddd4j/jaxb/EntityNotFoundExceptionDataTest.java,crates/serde/tests/java_parity/jaxb/jaxb/entity_not_found_exception_data_test.rs,test,EntityNotFoundExceptionDataTest,,4,implemented,tested,jaxb/src/test/java/org/fuin/ddd4j/jaxb/EntityNotFoundExceptionDataTest.java
jaxb/src/test/java/org/fuin/ddd4j/jaxb/EventIdXmlAdapterTest.java,crates/serde/tests/java_parity/jaxb/jaxb/event_id_xml_adapter_test.rs,test,EventIdXmlAdapterTest,,2,implemented,tested,jaxb/src/test/java/org/fuin/ddd4j/jaxb/EventIdXmlAdapterTest.java
jaxb/src/test/java/org/fuin/ddd4j/jaxbtest/ACreatedEvent.java,crates/serde/tests/java_parity/jaxb/jaxbtest/a_created_event.rs,test,ACreatedEvent,ACreatedEvent,0,implemented,tested,jaxb/src/test/java/org/fuin/ddd4j/jaxbtest/ACreatedEvent.java
jaxb/src/test/java/org/fuin/ddd4j/jaxbtest/AId.java,crates/serde/tests/java_parity/jaxb/jaxbtest/a_id.rs,test,AId,AId,0,implemented,tested,jaxb/src/test/java/org/fuin/ddd4j/jaxbtest/AId.java
jaxb/src/test/java/org/fuin/ddd4j/jaxbtest/ARoot.java,crates/serde/tests/java_parity/jaxb/jaxbtest/a_root.rs,test,ARoot,ARoot,0,implemented,tested,jaxb/src/test/java/org/fuin/ddd4j/jaxbtest/ARoot.java
jaxb/src/test/java/org/fuin/ddd4j/jaxbtest/BAddedEvent.java,crates/serde/tests/java_parity/jaxb/jaxbtest/b_added_event.rs,test,BAddedEvent,BAddedEvent,0,implemented,tested,jaxb/src/test/java/org/fuin/ddd4j/jaxbtest/BAddedEvent.java
jaxb/src/test/java/org/fuin/ddd4j/jaxbtest/BEntity.java,crates/serde/tests/java_parity/jaxb/jaxbtest/b_entity.rs,test,BEntity,BEntity,0,implemented,tested,jaxb/src/test/java/org/fuin/ddd4j/jaxbtest/BEntity.java
jaxb/src/test/java/org/fuin/ddd4j/jaxbtest/BId.java,crates/serde/tests/java_parity/jaxb/jaxbtest/b_id.rs,test,BId,BId,0,implemented,tested,jaxb/src/test/java/org/fuin/ddd4j/jaxbtest/BId.java
jaxb/src/test/java/org/fuin/ddd4j/jaxbtest/BaseRoot.java,crates/serde/tests/java_parity/jaxb/jaxbtest/base_root.rs,test,BaseRoot,BaseRoot,0,implemented,tested,jaxb/src/test/java/org/fuin/ddd4j/jaxbtest/BaseRoot.java
jaxb/src/test/java/org/fuin/ddd4j/jaxbtest/CAddedEvent.java,crates/serde/tests/java_parity/jaxb/jaxbtest/c_added_event.rs,test,CAddedEvent,CAddedEvent,0,implemented,tested,jaxb/src/test/java/org/fuin/ddd4j/jaxbtest/CAddedEvent.java
jaxb/src/test/java/org/fuin/ddd4j/jaxbtest/CEntity.java,crates/serde/tests/java_parity/jaxb/jaxbtest/c_entity.rs,test,CEntity,CEntity,0,implemented,tested,jaxb/src/test/java/org/fuin/ddd4j/jaxbtest/CEntity.java
jaxb/src/test/java/org/fuin/ddd4j/jaxbtest/CEvent.java,crates/serde/tests/java_parity/jaxb/jaxbtest/c_event.rs,test,CEvent,CEvent,0,implemented,tested,jaxb/src/test/java/org/fuin/ddd4j/jaxbtest/CEvent.java
jaxb/src/test/java/org/fuin/ddd4j/jaxbtest/CId.java,crates/serde/tests/java_parity/jaxb/jaxbtest/c_id.rs,test,CId,CId,0,implemented,tested,jaxb/src/test/java/org/fuin/ddd4j/jaxbtest/CId.java
jaxb/src/test/java/org/fuin/ddd4j/jaxbtest/DEvent.java,crates/serde/tests/java_parity/jaxb/jaxbtest/d_event.rs,test,DEvent,DEvent,0,implemented,tested,jaxb/src/test/java/org/fuin/ddd4j/jaxbtest/DEvent.java
jaxb/src/test/java/org/fuin/ddd4j/jaxbtest/DuplicateVendorKeyException.java,crates/serde/tests/java_parity/jaxb/jaxbtest/duplicate_vendor_key_exception.rs,test,DuplicateVendorKeyException,DuplicateVendorKeyException,0,implemented,tested,jaxb/src/test/java/org/fuin/ddd4j/jaxbtest/DuplicateVendorKeyException.java
jaxb/src/test/java/org/fuin/ddd4j/jaxbtest/ImplRootId.java,crates/serde/tests/java_parity/jaxb/jaxbtest/impl_root_id.rs,test,ImplRootId,ImplRootId,0,implemented,tested,jaxb/src/test/java/org/fuin/ddd4j/jaxbtest/ImplRootId.java
jaxb/src/test/java/org/fuin/ddd4j/jaxbtest/JaxbTestEntityIdFactory.java,crates/serde/tests/java_parity/jaxb/jaxbtest/jaxb_test_entity_id_factory.rs,test,JaxbTestEntityIdFactory,JaxbTestEntityIdFactory,0,implemented,tested,jaxb/src/test/java/org/fuin/ddd4j/jaxbtest/JaxbTestEntityIdFactory.java
jaxb/src/test/java/org/fuin/ddd4j/jaxbtest/Person.java,crates/serde/tests/java_parity/jaxb/jaxbtest/person.rs,test,Person,Person,0,implemented,tested,jaxb/src/test/java/org/fuin/ddd4j/jaxbtest/Person.java
jaxb/src/test/java/org/fuin/ddd4j/jaxbtest/PersonCreatedEvent.java,crates/serde/tests/java_parity/jaxb/jaxbtest/person_created_event.rs,test,PersonCreatedEvent,PersonCreatedEvent,0,implemented,tested,jaxb/src/test/java/org/fuin/ddd4j/jaxbtest/PersonCreatedEvent.java
jaxb/src/test/java/org/fuin/ddd4j/jaxbtest/PersonId.java,crates/serde/tests/java_parity/jaxb/jaxbtest/person_id.rs,test,PersonId,PersonId,0,implemented,tested,jaxb/src/test/java/org/fuin/ddd4j/jaxbtest/PersonId.java
jaxb/src/test/java/org/fuin/ddd4j/jaxbtest/PersonName.java,crates/serde/tests/java_parity/jaxb/jaxbtest/person_name.rs,test,PersonName,PersonName,0,implemented,tested,jaxb/src/test/java/org/fuin/ddd4j/jaxbtest/PersonName.java
jaxb/src/test/java/org/fuin/ddd4j/jaxbtest/PersonNameChangedEvent.java,crates/serde/tests/java_parity/jaxb/jaxbtest/person_name_changed_event.rs,test,PersonNameChangedEvent,PersonNameChangedEvent,0,implemented,tested,jaxb/src/test/java/org/fuin/ddd4j/jaxbtest/PersonNameChangedEvent.java
jaxb/src/test/java/org/fuin/ddd4j/jaxbtest/PersonNotFoundException.java,crates/serde/tests/java_parity/jaxb/jaxbtest/person_not_found_exception.rs,test,PersonNotFoundException,PersonNotFoundException,0,implemented,tested,jaxb/src/test/java/org/fuin/ddd4j/jaxbtest/PersonNotFoundException.java
jaxb/src/test/java/org/fuin/ddd4j/jaxbtest/Vendor.java,crates/serde/tests/java_parity/jaxb/jaxbtest/vendor.rs,test,Vendor|ConstructorService,Vendor,0,implemented,tested,jaxb/src/test/java/org/fuin/ddd4j/jaxbtest/Vendor.java
jaxb/src/test/java/org/fuin/ddd4j/jaxbtest/VendorCreatedEvent.java,crates/serde/tests/java_parity/jaxb/jaxbtest/vendor_created_event.rs,test,VendorCreatedEvent,VendorCreatedEvent,0,implemented,tested,jaxb/src/test/java/org/fuin/ddd4j/jaxbtest/VendorCreatedEvent.java
jaxb/src/test/java/org/fuin/ddd4j/jaxbtest/VendorEventId.java,crates/serde/tests/java_parity/jaxb/jaxbtest/vendor_event_id.rs,test,VendorEventId,VendorEventId,0,implemented,tested,jaxb/src/test/java/org/fuin/ddd4j/jaxbtest/VendorEventId.java
jaxb/src/test/java/org/fuin/ddd4j/jaxbtest/VendorExampleTest.java,crates/serde/tests/java_parity/jaxb/jaxbtest/vendor_example_test.rs,test,VendorExampleTest,,3,implemented,tested,jaxb/src/test/java/org/fuin/ddd4j/jaxbtest/VendorExampleTest.java
jaxb/src/test/java/org/fuin/ddd4j/jaxbtest/VendorId.java,crates/serde/tests/java_parity/jaxb/jaxbtest/vendor_id.rs,test,VendorId,VendorId,0,implemented,tested,jaxb/src/test/java/org/fuin/ddd4j/jaxbtest/VendorId.java
jaxb/src/test/java/org/fuin/ddd4j/jaxbtest/VendorIdConverter.java,crates/serde/tests/java_parity/jaxb/jaxbtest/vendor_id_converter.rs,test,VendorIdConverter,VendorIdConverter,0,implemented,tested,jaxb/src/test/java/org/fuin/ddd4j/jaxbtest/VendorIdConverter.java
jaxb/src/test/java/org/fuin/ddd4j/jaxbtest/VendorKey.java,crates/serde/tests/java_parity/jaxb/jaxbtest/vendor_key.rs,test,VendorKey,VendorKey,0,implemented,tested,jaxb/src/test/java/org/fuin/ddd4j/jaxbtest/VendorKey.java
jaxb/src/test/java/org/fuin/ddd4j/jaxbtest/VendorKeyConverter.java,crates/serde/tests/java_parity/jaxb/jaxbtest/vendor_key_converter.rs,test,VendorKeyConverter,VendorKeyConverter,0,implemented,tested,jaxb/src/test/java/org/fuin/ddd4j/jaxbtest/VendorKeyConverter.java
jaxb/src/test/java/org/fuin/ddd4j/jaxbtest/VendorKeyStr.java,crates/serde/tests/java_parity/jaxb/jaxbtest/vendor_key_str.rs,test,VendorKeyStr,VendorKeyStr,0,implemented,tested,jaxb/src/test/java/org/fuin/ddd4j/jaxbtest/VendorKeyStr.java
jaxb/src/test/java/org/fuin/ddd4j/jaxbtest/VendorKeyStrValidator.java,crates/serde/tests/java_parity/jaxb/jaxbtest/vendor_key_str_validator.rs,test,VendorKeyStrValidator,VendorKeyStrValidator,0,implemented,tested,jaxb/src/test/java/org/fuin/ddd4j/jaxbtest/VendorKeyStrValidator.java
jaxb/src/test/java/org/fuin/ddd4j/jaxbtest/VendorName.java,crates/serde/tests/java_parity/jaxb/jaxbtest/vendor_name.rs,test,VendorName,VendorName,0,implemented,tested,jaxb/src/test/java/org/fuin/ddd4j/jaxbtest/VendorName.java
jaxb/src/test/java/org/fuin/ddd4j/jaxbtest/VendorNameConverter.java,crates/serde/tests/java_parity/jaxb/jaxbtest/vendor_name_converter.rs,test,VendorNameConverter,VendorNameConverter,0,implemented,tested,jaxb/src/test/java/org/fuin/ddd4j/jaxbtest/VendorNameConverter.java
jaxb/src/test/java/org/fuin/ddd4j/jaxbtest/VendorNameStr.java,crates/serde/tests/java_parity/jaxb/jaxbtest/vendor_name_str.rs,test,VendorNameStr,VendorNameStr,0,implemented,tested,jaxb/src/test/java/org/fuin/ddd4j/jaxbtest/VendorNameStr.java
jaxb/src/test/java/org/fuin/ddd4j/jaxbtest/VendorNameStrValidator.java,crates/serde/tests/java_parity/jaxb/jaxbtest/vendor_name_str_validator.rs,test,VendorNameStrValidator,VendorNameStrValidator,0,implemented,tested,jaxb/src/test/java/org/fuin/ddd4j/jaxbtest/VendorNameStrValidator.java
jaxb/src/test/java/org/fuin/ddd4j/jaxbtest/VendorRef.java,crates/serde/tests/java_parity/jaxb/jaxbtest/vendor_ref.rs,test,VendorRef,VendorRef,0,implemented,tested,jaxb/src/test/java/org/fuin/ddd4j/jaxbtest/VendorRef.java
jsonb-testmodel/src/main/java/org/fuin/ddd4j/jsonbtestmodel/DuplicateVendorKeyException.java,crates/test/model/src/duplicate_vendor_key_exception.rs,production,DuplicateVendorKeyException,DuplicateVendorKeyException,0,implemented,not_applicable,
jsonb-testmodel/src/main/java/org/fuin/ddd4j/jsonbtestmodel/Person.java,crates/test/model/src/person.rs,production,Person,Person,0,implemented,not_applicable,
jsonb-testmodel/src/main/java/org/fuin/ddd4j/jsonbtestmodel/PersonCreatedEvent.java,crates/test/model/src/person_created_event.rs,production,PersonCreatedEvent|Builder,PersonCreatedEvent|PersonCreatedEventBuilder,0,implemented,not_applicable,
jsonb-testmodel/src/main/java/org/fuin/ddd4j/jsonbtestmodel/PersonId.java,crates/test/model/src/person_id.rs,production,PersonId,PersonId,0,implemented,not_applicable,
jsonb-testmodel/src/main/java/org/fuin/ddd4j/jsonbtestmodel/PersonIdJsonbAdapter.java,crates/test/model/src/person_id_jsonb_adapter.rs,production,PersonIdJsonbAdapter,PersonIdJsonbAdapter,0,implemented,not_applicable,
jsonb-testmodel/src/main/java/org/fuin/ddd4j/jsonbtestmodel/PersonName.java,crates/test/model/src/person_name.rs,production,PersonName,PersonNameError|PersonName,0,implemented,not_applicable,
jsonb-testmodel/src/main/java/org/fuin/ddd4j/jsonbtestmodel/PersonNameChangedEvent.java,crates/test/model/src/person_name_changed_event.rs,production,PersonNameChangedEvent,PersonNameChangedEvent,0,implemented,not_applicable,
jsonb-testmodel/src/main/java/org/fuin/ddd4j/jsonbtestmodel/PersonNameJsonbAdapter.java,crates/test/model/src/person_name_jsonb_adapter.rs,production,PersonNameJsonbAdapter,PersonNameJsonbAdapter,0,implemented,not_applicable,
jsonb-testmodel/src/main/java/org/fuin/ddd4j/jsonbtestmodel/PersonNotFoundException.java,crates/test/model/src/person_not_found_exception.rs,production,PersonNotFoundException,PersonNotFoundException,0,implemented,not_applicable,
jsonb-testmodel/src/main/java/org/fuin/ddd4j/jsonbtestmodel/Vendor.java,crates/test/model/src/vendor.rs,production,Vendor|ConstructorService,ConstructorService|VendorError|Vendor,0,implemented,not_applicable,
jsonb-testmodel/src/main/java/org/fuin/ddd4j/jsonbtestmodel/VendorCreatedEvent.java,crates/test/model/src/vendor_created_event.rs,production,VendorCreatedEvent,VendorCreatedEvent,0,implemented,not_applicable,
jsonb-testmodel/src/main/java/org/fuin/ddd4j/jsonbtestmodel/VendorEventId.java,crates/test/model/src/vendor_event_id.rs,production,VendorEventId,VendorEventId,0,implemented,not_applicable,
jsonb-testmodel/src/main/java/org/fuin/ddd4j/jsonbtestmodel/VendorId.java,crates/test/model/src/vendor_id.rs,production,VendorId,VendorId,0,implemented,not_applicable,
jsonb-testmodel/src/main/java/org/fuin/ddd4j/jsonbtestmodel/VendorIdJsonbAdapter.java,crates/test/model/src/vendor_id_jsonb_adapter.rs,production,VendorIdJsonbAdapter,VendorIdJsonbAdapter,0,implemented,not_applicable,
jsonb-testmodel/src/main/java/org/fuin/ddd4j/jsonbtestmodel/VendorKey.java,crates/test/model/src/vendor_key.rs,production,VendorKey,VendorKeyError|VendorKey,0,implemented,not_applicable,
jsonb-testmodel/src/main/java/org/fuin/ddd4j/jsonbtestmodel/VendorKeyJsonbAdapter.java,crates/test/model/src/vendor_key_jsonb_adapter.rs,production,VendorKeyJsonbAdapter,VendorKeyJsonbAdapter,0,implemented,not_applicable,
jsonb-testmodel/src/main/java/org/fuin/ddd4j/jsonbtestmodel/VendorKeyStr.java,crates/test/model/src/vendor_key_str.rs,production,VendorKeyStr,VendorKeyStr,0,implemented,not_applicable,
jsonb-testmodel/src/main/java/org/fuin/ddd4j/jsonbtestmodel/VendorKeyStrValidator.java,crates/test/model/src/vendor_key_str_validator.rs,production,VendorKeyStrValidator,VendorKeyStrValidator,0,implemented,not_applicable,
jsonb-testmodel/src/main/java/org/fuin/ddd4j/jsonbtestmodel/VendorName.java,crates/test/model/src/vendor_name.rs,production,VendorName,VendorNameError|VendorName,0,implemented,not_applicable,
jsonb-testmodel/src/main/java/org/fuin/ddd4j/jsonbtestmodel/VendorNameJsonbAdapter.java,crates/test/model/src/vendor_name_jsonb_adapter.rs,production,VendorNameJsonbAdapter,VendorNameJsonbAdapter,0,implemented,not_applicable,
jsonb-testmodel/src/main/java/org/fuin/ddd4j/jsonbtestmodel/VendorNameStr.java,crates/test/model/src/vendor_name_str.rs,production,VendorNameStr,VendorNameStr,0,implemented,not_applicable,
jsonb-testmodel/src/main/java/org/fuin/ddd4j/jsonbtestmodel/VendorNameStrValidator.java,crates/test/model/src/vendor_name_str_validator.rs,production,VendorNameStrValidator,VendorNameStrValidator,0,implemented,not_applicable,
jsonb-testmodel/src/main/java/org/fuin/ddd4j/jsonbtestmodel/VendorRef.java,crates/test/model/src/vendor_ref.rs,production,VendorRef,VendorRef,0,implemented,not_applicable,
jsonb-testmodel/src/test/java/org/fuin/ddd4j/jsonbtestmodel/ArchitectureTest.java,crates/test/model/tests/java_parity/architecture_test.rs,test,ArchitectureTest,,0,implemented,tested,
jsonb-testmodel/src/test/java/org/fuin/ddd4j/jsonbtestmodel/VendorExampleTest.java,crates/test/model/tests/java_parity/vendor_example_test.rs,test,VendorExampleTest,,3,implemented,tested,
jsonb/src/main/java/org/fuin/ddd4j/jsonb/AbstractAggregateExceptionData.java,crates/serde/src/json/jsonb/abstract_aggregate_exception_data.rs,production,AbstractAggregateExceptionData,AbstractAggregateExceptionData,0,implemented,not_applicable,jsonb/src/main/java/org/fuin/ddd4j/jsonb/AbstractAggregateExceptionData.java
jsonb/src/main/java/org/fuin/ddd4j/jsonb/AbstractDomainEvent.java,crates/serde/src/json/jsonb/abstract_domain_event.rs,production,AbstractDomainEvent|Builder,AbstractDomainEvent,0,implemented,not_applicable,jsonb/src/main/java/org/fuin/ddd4j/jsonb/AbstractDomainEvent.java
jsonb/src/main/java/org/fuin/ddd4j/jsonb/AbstractEvent.java,crates/serde/src/json/jsonb/abstract_event.rs,production,AbstractEvent|Builder,AbstractEvent,0,implemented,not_applicable,jsonb/src/main/java/org/fuin/ddd4j/jsonb/AbstractEvent.java
jsonb/src/main/java/org/fuin/ddd4j/jsonb/AbstractVersionedAggregateExceptionData.java,crates/serde/src/json/jsonb/abstract_versioned_aggregate_exception_data.rs,production,AbstractVersionedAggregateExceptionData,AbstractVersionedAggregateExceptionData,0,implemented,not_applicable,jsonb/src/main/java/org/fuin/ddd4j/jsonb/AbstractVersionedAggregateExceptionData.java
jsonb/src/main/java/org/fuin/ddd4j/jsonb/AggregateAlreadyExistsExceptionData.java,crates/serde/src/json/jsonb/aggregate_already_exists_exception_data.rs,production,AggregateAlreadyExistsExceptionData,AggregateAlreadyExistsExceptionData,0,implemented,not_applicable,jsonb/src/main/java/org/fuin/ddd4j/jsonb/AggregateAlreadyExistsExceptionData.java
jsonb/src/main/java/org/fuin/ddd4j/jsonb/AggregateDeletedExceptionData.java,crates/serde/src/json/jsonb/aggregate_deleted_exception_data.rs,production,AggregateDeletedExceptionData,AggregateDeletedExceptionData,0,implemented,not_applicable,jsonb/src/main/java/org/fuin/ddd4j/jsonb/AggregateDeletedExceptionData.java
jsonb/src/main/java/org/fuin/ddd4j/jsonb/AggregateNotFoundExceptionData.java,crates/serde/src/json/jsonb/aggregate_not_found_exception_data.rs,production,AggregateNotFoundExceptionData,AggregateNotFoundExceptionData,0,implemented,not_applicable,jsonb/src/main/java/org/fuin/ddd4j/jsonb/AggregateNotFoundExceptionData.java
jsonb/src/main/java/org/fuin/ddd4j/jsonb/AggregateVersionConflictExceptionData.java,crates/serde/src/json/jsonb/aggregate_version_conflict_exception_data.rs,production,AggregateVersionConflictExceptionData,AggregateVersionConflictExceptionData,0,implemented,not_applicable,jsonb/src/main/java/org/fuin/ddd4j/jsonb/AggregateVersionConflictExceptionData.java
jsonb/src/main/java/org/fuin/ddd4j/jsonb/AggregateVersionJsonbAdapter.java,crates/serde/src/json/jsonb/aggregate_version_jsonb_adapter.rs,production,AggregateVersionJsonbAdapter,AggregateVersionJsonbAdapter,0,implemented,not_applicable,jsonb/src/main/java/org/fuin/ddd4j/jsonb/AggregateVersionJsonbAdapter.java
jsonb/src/main/java/org/fuin/ddd4j/jsonb/AggregateVersionNotFoundExceptionData.java,crates/serde/src/json/jsonb/aggregate_version_not_found_exception_data.rs,production,AggregateVersionNotFoundExceptionData,AggregateVersionNotFoundExceptionData,0,implemented,not_applicable,jsonb/src/main/java/org/fuin/ddd4j/jsonb/AggregateVersionNotFoundExceptionData.java
jsonb/src/main/java/org/fuin/ddd4j/jsonb/DecryptionFailedExceptionData.java,crates/serde/src/json/jsonb/decryption_failed_exception_data.rs,production,DecryptionFailedExceptionData,DecryptionFailedExceptionData,0,implemented,not_applicable,jsonb/src/main/java/org/fuin/ddd4j/jsonb/DecryptionFailedExceptionData.java
jsonb/src/main/java/org/fuin/ddd4j/jsonb/DuplicateEncryptionKeyIdExceptionData.java,crates/serde/src/json/jsonb/duplicate_encryption_key_id_exception_data.rs,production,DuplicateEncryptionKeyIdExceptionData,DuplicateEncryptionKeyIdExceptionData,0,implemented,not_applicable,jsonb/src/main/java/org/fuin/ddd4j/jsonb/DuplicateEncryptionKeyIdExceptionData.java
jsonb/src/main/java/org/fuin/ddd4j/jsonb/DuplicateEntityExceptionData.java,crates/serde/src/json/jsonb/duplicate_entity_exception_data.rs,production,DuplicateEntityExceptionData,DuplicateEntityExceptionData,0,implemented,not_applicable,jsonb/src/main/java/org/fuin/ddd4j/jsonb/DuplicateEntityExceptionData.java
jsonb/src/main/java/org/fuin/ddd4j/jsonb/EncryptedDataJsonb.java,crates/serde/src/json/jsonb/encrypted_data_jsonb.rs,production,EncryptedDataJsonb,EncryptedDataJsonb,0,implemented,not_applicable,jsonb/src/main/java/org/fuin/ddd4j/jsonb/EncryptedDataJsonb.java
jsonb/src/main/java/org/fuin/ddd4j/jsonb/EncryptionKeyIdUnknownExceptionData.java,crates/serde/src/json/jsonb/encryption_key_id_unknown_exception_data.rs,production,EncryptionKeyIdUnknownExceptionData,EncryptionKeyIdUnknownExceptionData,0,implemented,not_applicable,jsonb/src/main/java/org/fuin/ddd4j/jsonb/EncryptionKeyIdUnknownExceptionData.java
jsonb/src/main/java/org/fuin/ddd4j/jsonb/EncryptionKeyVersionUnknownExceptionData.java,crates/serde/src/json/jsonb/encryption_key_version_unknown_exception_data.rs,production,EncryptionKeyVersionUnknownExceptionData,EncryptionKeyVersionUnknownExceptionData,0,implemented,not_applicable,jsonb/src/main/java/org/fuin/ddd4j/jsonb/EncryptionKeyVersionUnknownExceptionData.java
jsonb/src/main/java/org/fuin/ddd4j/jsonb/EntityIdJsonbAdapter.java,crates/serde/src/json/jsonb/entity_id_jsonb_adapter.rs,production,EntityIdJsonbAdapter,EntityIdJsonbAdapter,0,implemented,not_applicable,jsonb/src/main/java/org/fuin/ddd4j/jsonb/EntityIdJsonbAdapter.java
jsonb/src/main/java/org/fuin/ddd4j/jsonb/EntityIdPathJsonbAdapter.java,crates/serde/src/json/jsonb/entity_id_path_jsonb_adapter.rs,production,EntityIdPathJsonbAdapter,EntityIdPathJsonbAdapter,0,implemented,not_applicable,jsonb/src/main/java/org/fuin/ddd4j/jsonb/EntityIdPathJsonbAdapter.java
jsonb/src/main/java/org/fuin/ddd4j/jsonb/EntityNotFoundExceptionData.java,crates/serde/src/json/jsonb/entity_not_found_exception_data.rs,production,EntityNotFoundExceptionData,EntityNotFoundExceptionData,0,implemented,not_applicable,jsonb/src/main/java/org/fuin/ddd4j/jsonb/EntityNotFoundExceptionData.java
jsonb/src/main/java/org/fuin/ddd4j/jsonb/EventIdJsonbAdapter.java,crates/serde/src/json/jsonb/event_id_jsonb_adapter.rs,production,EventIdJsonbAdapter,EventIdJsonbAdapter,0,implemented,not_applicable,jsonb/src/main/java/org/fuin/ddd4j/jsonb/EventIdJsonbAdapter.java
jsonb/src/test/java/org/fuin/ddd4j/jsonb/AbstractDomainEventTest.java,crates/serde/tests/java_parity/jsonb/jsonb/abstract_domain_event_test.rs,test,AbstractDomainEventTest|MyEvent1|Builder|MyEvent2,,6,implemented,tested,jsonb/src/test/java/org/fuin/ddd4j/jsonb/AbstractDomainEventTest.java
jsonb/src/test/java/org/fuin/ddd4j/jsonb/AbstractEventTest.java,crates/serde/tests/java_parity/jsonb/jsonb/abstract_event_test.rs,test,AbstractEventTest|MyEvent1|Builder|MyEvent2,,6,implemented,tested,jsonb/src/test/java/org/fuin/ddd4j/jsonb/AbstractEventTest.java
jsonb/src/test/java/org/fuin/ddd4j/jsonb/AggregateAlreadyExistsExceptionDataTest.java,crates/serde/tests/java_parity/jsonb/jsonb/aggregate_already_exists_exception_data_test.rs,test,AggregateAlreadyExistsExceptionDataTest,,4,implemented,tested,jsonb/src/test/java/org/fuin/ddd4j/jsonb/AggregateAlreadyExistsExceptionDataTest.java
jsonb/src/test/java/org/fuin/ddd4j/jsonb/AggregateDeletedExceptionDataTest.java,crates/serde/tests/java_parity/jsonb/jsonb/aggregate_deleted_exception_data_test.rs,test,AggregateDeletedExceptionDataTest,,4,implemented,tested,jsonb/src/test/java/org/fuin/ddd4j/jsonb/AggregateDeletedExceptionDataTest.java
jsonb/src/test/java/org/fuin/ddd4j/jsonb/AggregateNotFoundExceptionDataTest.java,crates/serde/tests/java_parity/jsonb/jsonb/aggregate_not_found_exception_data_test.rs,test,AggregateNotFoundExceptionDataTest,,4,implemented,tested,jsonb/src/test/java/org/fuin/ddd4j/jsonb/AggregateNotFoundExceptionDataTest.java
jsonb/src/test/java/org/fuin/ddd4j/jsonb/AggregateVersionConflictExceptionDataTest.java,crates/serde/tests/java_parity/jsonb/jsonb/aggregate_version_conflict_exception_data_test.rs,test,AggregateVersionConflictExceptionDataTest,,4,implemented,tested,jsonb/src/test/java/org/fuin/ddd4j/jsonb/AggregateVersionConflictExceptionDataTest.java
jsonb/src/test/java/org/fuin/ddd4j/jsonb/AggregateVersionJsonbAdapterTest.java,crates/serde/tests/java_parity/jsonb/jsonb/aggregate_version_jsonb_adapter_test.rs,test,AggregateVersionJsonbAdapterTest,,2,implemented,tested,jsonb/src/test/java/org/fuin/ddd4j/jsonb/AggregateVersionJsonbAdapterTest.java
jsonb/src/test/java/org/fuin/ddd4j/jsonb/AggregateVersionNotFoundExceptionDataTest.java,crates/serde/tests/java_parity/jsonb/jsonb/aggregate_version_not_found_exception_data_test.rs,test,AggregateVersionNotFoundExceptionDataTest,,4,implemented,tested,jsonb/src/test/java/org/fuin/ddd4j/jsonb/AggregateVersionNotFoundExceptionDataTest.java
jsonb/src/test/java/org/fuin/ddd4j/jsonb/ArchitectureTest.java,crates/serde/tests/java_parity/jsonb/jsonb/architecture_test.rs,test,ArchitectureTest,,2,implemented,tested,jsonb/src/test/java/org/fuin/ddd4j/jsonb/ArchitectureTest.java
jsonb/src/test/java/org/fuin/ddd4j/jsonb/BaseTest.java,crates/serde/tests/java_parity/jsonb/jsonb/base_test.rs,test,BaseTest,BaseTest,0,implemented,tested,jsonb/src/test/java/org/fuin/ddd4j/jsonb/BaseTest.java
jsonb/src/test/java/org/fuin/ddd4j/jsonb/DecryptionFailedExceptionDataTest.java,crates/serde/tests/java_parity/jsonb/jsonb/decryption_failed_exception_data_test.rs,test,DecryptionFailedExceptionDataTest,,4,implemented,tested,jsonb/src/test/java/org/fuin/ddd4j/jsonb/DecryptionFailedExceptionDataTest.java
jsonb/src/test/java/org/fuin/ddd4j/jsonb/DuplicateEncryptionKeyIdExceptionDataTest.java,crates/serde/tests/java_parity/jsonb/jsonb/duplicate_encryption_key_id_exception_data_test.rs,test,DuplicateEncryptionKeyIdExceptionDataTest,,4,implemented,tested,jsonb/src/test/java/org/fuin/ddd4j/jsonb/DuplicateEncryptionKeyIdExceptionDataTest.java
jsonb/src/test/java/org/fuin/ddd4j/jsonb/DuplicateEntityExceptionDataTest.java,crates/serde/tests/java_parity/jsonb/jsonb/duplicate_entity_exception_data_test.rs,test,DuplicateEntityExceptionDataTest,,4,implemented,tested,jsonb/src/test/java/org/fuin/ddd4j/jsonb/DuplicateEntityExceptionDataTest.java
jsonb/src/test/java/org/fuin/ddd4j/jsonb/EncryptedDataJsonbTest.java,crates/serde/tests/java_parity/jsonb/jsonb/encrypted_data_jsonb_test.rs,test,EncryptedDataJsonbTest,,4,implemented,tested,jsonb/src/test/java/org/fuin/ddd4j/jsonb/EncryptedDataJsonbTest.java
jsonb/src/test/java/org/fuin/ddd4j/jsonb/EncryptionKeyIdUnknownExceptionDataTest.java,crates/serde/tests/java_parity/jsonb/jsonb/encryption_key_id_unknown_exception_data_test.rs,test,EncryptionKeyIdUnknownExceptionDataTest,,4,implemented,tested,jsonb/src/test/java/org/fuin/ddd4j/jsonb/EncryptionKeyIdUnknownExceptionDataTest.java
jsonb/src/test/java/org/fuin/ddd4j/jsonb/EncryptionKeyVersionUnknownExceptionDataTest.java,crates/serde/tests/java_parity/jsonb/jsonb/encryption_key_version_unknown_exception_data_test.rs,test,EncryptionKeyVersionUnknownExceptionDataTest,,4,implemented,tested,jsonb/src/test/java/org/fuin/ddd4j/jsonb/EncryptionKeyVersionUnknownExceptionDataTest.java
jsonb/src/test/java/org/fuin/ddd4j/jsonb/EntityIdJsonbAdapterTest.java,crates/serde/tests/java_parity/jsonb/jsonb/entity_id_jsonb_adapter_test.rs,test,EntityIdJsonbAdapterTest,,2,implemented,tested,jsonb/src/test/java/org/fuin/ddd4j/jsonb/EntityIdJsonbAdapterTest.java
jsonb/src/test/java/org/fuin/ddd4j/jsonb/EntityIdPathJsonbAdapterTest.java,crates/serde/tests/java_parity/jsonb/jsonb/entity_id_path_jsonb_adapter_test.rs,test,EntityIdPathJsonbAdapterTest,,2,implemented,tested,jsonb/src/test/java/org/fuin/ddd4j/jsonb/EntityIdPathJsonbAdapterTest.java
jsonb/src/test/java/org/fuin/ddd4j/jsonb/EntityNotFoundExceptionDataTest.java,crates/serde/tests/java_parity/jsonb/jsonb/entity_not_found_exception_data_test.rs,test,EntityNotFoundExceptionDataTest,,4,implemented,tested,jsonb/src/test/java/org/fuin/ddd4j/jsonb/EntityNotFoundExceptionDataTest.java
jsonb/src/test/java/org/fuin/ddd4j/jsonb/EventIdJsonbAdapterTest.java,crates/serde/tests/java_parity/jsonb/jsonb/event_id_jsonb_adapter_test.rs,test,EventIdJsonbAdapterTest,,2,implemented,tested,jsonb/src/test/java/org/fuin/ddd4j/jsonb/EventIdJsonbAdapterTest.java
jsonb/src/test/java/org/fuin/ddd4j/jsonb/TestUtils.java,crates/serde/tests/java_parity/jsonb/jsonb/test_utils.rs,test,TestUtils,TestUtils,0,implemented,tested,jsonb/src/test/java/org/fuin/ddd4j/jsonb/TestUtils.java
jsonb/src/test/java/org/fuin/ddd4j/jsonbtest/ACreatedEvent.java,crates/serde/tests/java_parity/jsonb/jsonbtest/a_created_event.rs,test,ACreatedEvent,ACreatedEvent,0,implemented,tested,jsonb/src/test/java/org/fuin/ddd4j/jsonbtest/ACreatedEvent.java
jsonb/src/test/java/org/fuin/ddd4j/jsonbtest/AId.java,crates/serde/tests/java_parity/jsonb/jsonbtest/a_id.rs,test,AId,AId,0,implemented,tested,jsonb/src/test/java/org/fuin/ddd4j/jsonbtest/AId.java
jsonb/src/test/java/org/fuin/ddd4j/jsonbtest/ARoot.java,crates/serde/tests/java_parity/jsonb/jsonbtest/a_root.rs,test,ARoot,ARoot,0,implemented,tested,jsonb/src/test/java/org/fuin/ddd4j/jsonbtest/ARoot.java
jsonb/src/test/java/org/fuin/ddd4j/jsonbtest/BAddedEvent.java,crates/serde/tests/java_parity/jsonb/jsonbtest/b_added_event.rs,test,BAddedEvent,BAddedEvent,0,implemented,tested,jsonb/src/test/java/org/fuin/ddd4j/jsonbtest/BAddedEvent.java
jsonb/src/test/java/org/fuin/ddd4j/jsonbtest/BEntity.java,crates/serde/tests/java_parity/jsonb/jsonbtest/b_entity.rs,test,BEntity,BEntity,0,implemented,tested,jsonb/src/test/java/org/fuin/ddd4j/jsonbtest/BEntity.java
jsonb/src/test/java/org/fuin/ddd4j/jsonbtest/BId.java,crates/serde/tests/java_parity/jsonb/jsonbtest/b_id.rs,test,BId,BId,0,implemented,tested,jsonb/src/test/java/org/fuin/ddd4j/jsonbtest/BId.java
jsonb/src/test/java/org/fuin/ddd4j/jsonbtest/BaseRoot.java,crates/serde/tests/java_parity/jsonb/jsonbtest/base_root.rs,test,BaseRoot,BaseRoot,0,implemented,tested,jsonb/src/test/java/org/fuin/ddd4j/jsonbtest/BaseRoot.java
jsonb/src/test/java/org/fuin/ddd4j/jsonbtest/CAddedEvent.java,crates/serde/tests/java_parity/jsonb/jsonbtest/c_added_event.rs,test,CAddedEvent,CAddedEvent,0,implemented,tested,jsonb/src/test/java/org/fuin/ddd4j/jsonbtest/CAddedEvent.java
jsonb/src/test/java/org/fuin/ddd4j/jsonbtest/CEntity.java,crates/serde/tests/java_parity/jsonb/jsonbtest/c_entity.rs,test,CEntity,CEntity,0,implemented,tested,jsonb/src/test/java/org/fuin/ddd4j/jsonbtest/CEntity.java
jsonb/src/test/java/org/fuin/ddd4j/jsonbtest/CEvent.java,crates/serde/tests/java_parity/jsonb/jsonbtest/c_event.rs,test,CEvent,CEvent,0,implemented,tested,jsonb/src/test/java/org/fuin/ddd4j/jsonbtest/CEvent.java
jsonb/src/test/java/org/fuin/ddd4j/jsonbtest/CId.java,crates/serde/tests/java_parity/jsonb/jsonbtest/c_id.rs,test,CId,CId,0,implemented,tested,jsonb/src/test/java/org/fuin/ddd4j/jsonbtest/CId.java
jsonb/src/test/java/org/fuin/ddd4j/jsonbtest/DEvent.java,crates/serde/tests/java_parity/jsonb/jsonbtest/d_event.rs,test,DEvent,DEvent,0,implemented,tested,jsonb/src/test/java/org/fuin/ddd4j/jsonbtest/DEvent.java
jsonb/src/test/java/org/fuin/ddd4j/jsonbtest/DuplicateVendorKeyException.java,crates/serde/tests/java_parity/jsonb/jsonbtest/duplicate_vendor_key_exception.rs,test,DuplicateVendorKeyException,DuplicateVendorKeyException,0,implemented,tested,jsonb/src/test/java/org/fuin/ddd4j/jsonbtest/DuplicateVendorKeyException.java
jsonb/src/test/java/org/fuin/ddd4j/jsonbtest/ImplRootId.java,crates/serde/tests/java_parity/jsonb/jsonbtest/impl_root_id.rs,test,ImplRootId,ImplRootId,0,implemented,tested,jsonb/src/test/java/org/fuin/ddd4j/jsonbtest/ImplRootId.java
jsonb/src/test/java/org/fuin/ddd4j/jsonbtest/JsonbTestEntityIdFactory.java,crates/serde/tests/java_parity/jsonb/jsonbtest/jsonb_test_entity_id_factory.rs,test,JsonbTestEntityIdFactory,JsonbTestEntityIdFactory,0,implemented,tested,jsonb/src/test/java/org/fuin/ddd4j/jsonbtest/JsonbTestEntityIdFactory.java
jsonb/src/test/java/org/fuin/ddd4j/jsonbtest/Person.java,crates/serde/tests/java_parity/jsonb/jsonbtest/person.rs,test,Person,Person,0,implemented,tested,jsonb/src/test/java/org/fuin/ddd4j/jsonbtest/Person.java
jsonb/src/test/java/org/fuin/ddd4j/jsonbtest/PersonCreatedEvent.java,crates/serde/tests/java_parity/jsonb/jsonbtest/person_created_event.rs,test,PersonCreatedEvent,PersonCreatedEvent,0,implemented,tested,jsonb/src/test/java/org/fuin/ddd4j/jsonbtest/PersonCreatedEvent.java
jsonb/src/test/java/org/fuin/ddd4j/jsonbtest/PersonId.java,crates/serde/tests/java_parity/jsonb/jsonbtest/person_id.rs,test,PersonId,PersonId,0,implemented,tested,jsonb/src/test/java/org/fuin/ddd4j/jsonbtest/PersonId.java
jsonb/src/test/java/org/fuin/ddd4j/jsonbtest/PersonName.java,crates/serde/tests/java_parity/jsonb/jsonbtest/person_name.rs,test,PersonName,PersonName,0,implemented,tested,jsonb/src/test/java/org/fuin/ddd4j/jsonbtest/PersonName.java
jsonb/src/test/java/org/fuin/ddd4j/jsonbtest/PersonNameChangedEvent.java,crates/serde/tests/java_parity/jsonb/jsonbtest/person_name_changed_event.rs,test,PersonNameChangedEvent,PersonNameChangedEvent,0,implemented,tested,jsonb/src/test/java/org/fuin/ddd4j/jsonbtest/PersonNameChangedEvent.java
jsonb/src/test/java/org/fuin/ddd4j/jsonbtest/PersonNotFoundException.java,crates/serde/tests/java_parity/jsonb/jsonbtest/person_not_found_exception.rs,test,PersonNotFoundException,PersonNotFoundException,0,implemented,tested,jsonb/src/test/java/org/fuin/ddd4j/jsonbtest/PersonNotFoundException.java
jsonb/src/test/java/org/fuin/ddd4j/jsonbtest/Vendor.java,crates/serde/tests/java_parity/jsonb/jsonbtest/vendor.rs,test,Vendor|ConstructorService,Vendor,0,implemented,tested,jsonb/src/test/java/org/fuin/ddd4j/jsonbtest/Vendor.java
jsonb/src/test/java/org/fuin/ddd4j/jsonbtest/VendorCreatedEvent.java,crates/serde/tests/java_parity/jsonb/jsonbtest/vendor_created_event.rs,test,VendorCreatedEvent,VendorCreatedEvent,0,implemented,tested,jsonb/src/test/java/org/fuin/ddd4j/jsonbtest/VendorCreatedEvent.java
jsonb/src/test/java/org/fuin/ddd4j/jsonbtest/VendorEventId.java,crates/serde/tests/java_parity/jsonb/jsonbtest/vendor_event_id.rs,test,VendorEventId,VendorEventId,0,implemented,tested,jsonb/src/test/java/org/fuin/ddd4j/jsonbtest/VendorEventId.java
jsonb/src/test/java/org/fuin/ddd4j/jsonbtest/VendorExampleTest.java,crates/serde/tests/java_parity/jsonb/jsonbtest/vendor_example_test.rs,test,VendorExampleTest,,3,implemented,tested,jsonb/src/test/java/org/fuin/ddd4j/jsonbtest/VendorExampleTest.java
jsonb/src/test/java/org/fuin/ddd4j/jsonbtest/VendorId.java,crates/serde/tests/java_parity/jsonb/jsonbtest/vendor_id.rs,test,VendorId,VendorId,0,implemented,tested,jsonb/src/test/java/org/fuin/ddd4j/jsonbtest/VendorId.java
jsonb/src/test/java/org/fuin/ddd4j/jsonbtest/VendorIdJsonbAdapter.java,crates/serde/tests/java_parity/jsonb/jsonbtest/vendor_id_jsonb_adapter.rs,test,VendorIdJsonbAdapter,VendorIdJsonbAdapter,0,implemented,tested,jsonb/src/test/java/org/fuin/ddd4j/jsonbtest/VendorIdJsonbAdapter.java
jsonb/src/test/java/org/fuin/ddd4j/jsonbtest/VendorKey.java,crates/serde/tests/java_parity/jsonb/jsonbtest/vendor_key.rs,test,VendorKey,VendorKey,0,implemented,tested,jsonb/src/test/java/org/fuin/ddd4j/jsonbtest/VendorKey.java
jsonb/src/test/java/org/fuin/ddd4j/jsonbtest/VendorKeyJsonbAdapter.java,crates/serde/tests/java_parity/jsonb/jsonbtest/vendor_key_jsonb_adapter.rs,test,VendorKeyJsonbAdapter,VendorKeyJsonbAdapter,0,implemented,tested,jsonb/src/test/java/org/fuin/ddd4j/jsonbtest/VendorKeyJsonbAdapter.java
jsonb/src/test/java/org/fuin/ddd4j/jsonbtest/VendorKeyStr.java,crates/serde/tests/java_parity/jsonb/jsonbtest/vendor_key_str.rs,test,VendorKeyStr,VendorKeyStr,0,implemented,tested,jsonb/src/test/java/org/fuin/ddd4j/jsonbtest/VendorKeyStr.java
jsonb/src/test/java/org/fuin/ddd4j/jsonbtest/VendorKeyStrValidator.java,crates/serde/tests/java_parity/jsonb/jsonbtest/vendor_key_str_validator.rs,test,VendorKeyStrValidator,VendorKeyStrValidator,0,implemented,tested,jsonb/src/test/java/org/fuin/ddd4j/jsonbtest/VendorKeyStrValidator.java
jsonb/src/test/java/org/fuin/ddd4j/jsonbtest/VendorName.java,crates/serde/tests/java_parity/jsonb/jsonbtest/vendor_name.rs,test,VendorName,VendorName,0,implemented,tested,jsonb/src/test/java/org/fuin/ddd4j/jsonbtest/VendorName.java
jsonb/src/test/java/org/fuin/ddd4j/jsonbtest/VendorNameJsonbAdapter.java,crates/serde/tests/java_parity/jsonb/jsonbtest/vendor_name_jsonb_adapter.rs,test,VendorNameJsonbAdapter,VendorNameJsonbAdapter,0,implemented,tested,jsonb/src/test/java/org/fuin/ddd4j/jsonbtest/VendorNameJsonbAdapter.java
jsonb/src/test/java/org/fuin/ddd4j/jsonbtest/VendorNameStr.java,crates/serde/tests/java_parity/jsonb/jsonbtest/vendor_name_str.rs,test,VendorNameStr,VendorNameStr,0,implemented,tested,jsonb/src/test/java/org/fuin/ddd4j/jsonbtest/VendorNameStr.java
jsonb/src/test/java/org/fuin/ddd4j/jsonbtest/VendorNameStrValidator.java,crates/serde/tests/java_parity/jsonb/jsonbtest/vendor_name_str_validator.rs,test,VendorNameStrValidator,VendorNameStrValidator,0,implemented,tested,jsonb/src/test/java/org/fuin/ddd4j/jsonbtest/VendorNameStrValidator.java
jsonb/src/test/java/org/fuin/ddd4j/jsonbtest/VendorRef.java,crates/serde/tests/java_parity/jsonb/jsonbtest/vendor_ref.rs,test,VendorRef,VendorRef,0,implemented,tested,jsonb/src/test/java/org/fuin/ddd4j/jsonbtest/VendorRef.java
junit/src/main/java/org/fuin/ddd4j/junit/Ddd4JConditions.java,crates/test/support/src/ddd4j_conditions.rs,production,Ddd4JConditions,Ddd4JConditions|ConditionError,0,implemented,not_applicable,
